Date,Open,High,Low,Close,Adj Close,Volume
8/10/2015,35.21,35.47,35.13,35.36,29.38,15619300
8/11/2015,35.209999,35.240002,34.939999,35.119999,29.185183,19234800
8/12/2015,34.869999,35.470001,34.709999,35.369999,29.392929,27597700
8/13/2015,35.380001,35.619999,34.919998,35.360001,29.384617,19540600
8/14/2015,35.369999,35.5,35.040001,35.32,29.351381,18067300
8/17/2015,35.110001,35.529999,35,35.5,29.500961,13880900
8/18/2015,35.389999,35.599998,35.279999,35.52,29.517582,13343600
8/19/2015,35.369999,35.490002,34.959999,35.27,29.30983,17835400
8/20/2015,34.919998,35.139999,34.549999,34.549999,28.711496,18764800
8/21/2015,34.240002,34.57,33.540001,33.540001,27.872181,33488900
8/24/2015,31.969999,33.25,28.469999,32.130001,26.700449,52259900
8/25/2015,33.200001,33.220001,31.32,31.34,26.043943,42299700
8/26/2015,32.080002,32.549999,31.35,32.43,26.949753,43645700
8/27/2015,32.779999,33.619999,32.669998,33.259998,27.639492,38593000
8/28/2015,33.299999,33.360001,32.5,32.66,27.140886,33491800
8/31/2015,32.709999,32.720001,31.959999,32.220001,26.77524,32034600
9/1/2015,31.459999,31.870001,31.190001,31.360001,26.060566,39136100
9/2/2015,31.93,31.969999,31.379999,31.969999,26.567484,31423700
9/3/2015,32.27,32.419998,31.76,31.889999,26.501007,21587900
9/4/2015,31.450001,31.719999,31.129999,31.370001,26.06888,22563000
9/8/2015,31.83,32.57,31.83,32.529999,27.032846,25972800
9/9/2015,33,33.029999,31.870001,31.959999,26.559175,21397700
9/10/2015,31.99,32.790001,31.940001,32.619999,27.107641,31311500
9/11/2015,32.57,32.990002,32.349998,32.970001,27.3985,22379500
9/14/2015,32.939999,33.040001,32.580002,32.709999,27.182432,15585400
9/15/2015,32.950001,33.349998,32.810001,33.169998,27.564697,20923900
9/16/2015,32.98,33.279999,32.709999,33.18,27.573009,21410000
9/17/2015,33.169998,33.959999,33.130001,33.48,27.822315,25335000
9/18/2015,33.080002,33.43,32.84,32.849998,27.298779,36750800
9/21/2015,33.099998,33.330002,32.240002,32.419998,26.941437,23705100
9/22/2015,31.98,32.330002,31.84,32.259998,26.808483,24288700
9/23/2015,32.220001,32.810001,32.189999,32.619999,27.107641,26124000
9/24/2015,32.360001,32.880001,32.07,32.700001,27.174126,30464100
9/25/2015,32.959999,33.099998,31.65,31.889999,26.501007,34524000
9/28/2015,31.700001,31.799999,30.639999,30.82,25.611826,42582900
9/29/2015,30.709999,31.440001,30.66,31.02,25.778021,31037200
9/30/2015,31.450001,31.57,31.059999,31.41,26.102118,32109300
10/1/2015,31.299999,31.870001,31.1,31.84,26.459454,29950600
10/2/2015,31.969999,33.110001,31.5,33.080002,27.48991,41704700
10/5/2015,33.450001,33.889999,33,33.48,27.822315,31996500
10/6/2015,33.400002,33.599998,32.419998,32.790001,27.248917,36590300
10/7/2015,33.099998,33.48,32.349998,33.290001,27.664425,28750100
10/8/2015,32.900002,33.240002,32.540001,33.09,27.498219,30068200
10/9/2015,33.060001,33.580002,32.919998,33.240002,27.622873,20406500
10/12/2015,33.23,33.439999,32.900002,33.220001,27.606255,14841000
10/13/2015,33.18,33.639999,32.82,32.98,27.406809,19446100
10/14/2015,33.040001,33.57,32.939999,33.040001,27.456671,17729000
10/15/2015,32.93,34.139999,32.93,34.080002,28.320927,26383100
10/16/2015,34.349998,34.439999,34,34.41,28.595156,19202000
10/19/2015,34.41,34.540001,34.09,34.5,28.66995,15780800
10/20/2015,34.650002,34.689999,33.759998,34,28.254442,17491600
10/21/2015,34.169998,34.34,33.029999,33.459999,27.805698,33081200
10/22/2015,33.580002,33.639999,32.889999,33.330002,27.697664,41366000
10/23/2015,33.459999,34.349998,33.23,34.049999,28.295992,27534600
10/26/2015,34,34.369999,33.830002,34.16,28.3874,23291100
10/27/2015,35.009998,35.450001,34.650002,34.990002,29.077148,40077800
10/28/2015,35.23,36.07,35.02,35.450001,29.459412,34862900
10/29/2015,34.25,35.900002,34.16,34.77,28.894325,72026800
10/30/2015,34.77,34.900002,33.73,33.82,28.104862,57128900
11/2/2015,34.169998,35.25,34.150002,35.060001,29.135317,39500600
11/3/2015,34.990002,35.040001,34.650002,34.970001,29.06053,29542800
11/4/2015,34.919998,34.970001,34.09,34.139999,28.599777,30877000
11/5/2015,34.23,34.290001,33.990002,34.150002,28.60816,20492700
11/6/2015,33.919998,34.049999,33.34,33.93,28.423853,31249400
11/9/2015,33.790001,33.860001,33.389999,33.650002,28.189297,27015100
11/10/2015,33.830002,33.970001,33.610001,33.790001,28.306578,20968200
11/11/2015,33.919998,34.209999,33.650002,33.740002,28.264694,20503300
11/12/2015,33.610001,33.700001,33.349998,33.389999,27.971487,18000300
11/13/2015,33.34,33.68,33.139999,33.27,27.870966,18065900
11/16/2015,33.290001,33.41,32.849998,33.16,27.778812,25637100
11/17/2015,33.200001,33.459999,32.869999,32.869999,27.535873,29692200
11/18/2015,33.080002,33.43,32.93,33.310001,27.904472,35963300
11/19/2015,32.790001,32.970001,31.950001,32.290001,27.049994,90712700
11/20/2015,32.580002,32.59,32.080002,32.18,26.957846,64599600
11/23/2015,31.42,31.690001,30.99,31.33,26.245783,124645600
11/24/2015,31.379999,32.150002,31.219999,31.969999,26.781923,84026000
11/25/2015,32.360001,33.240002,32.209999,32.869999,27.535873,79383000
11/27/2015,32.919998,33,32.669998,32.790001,27.468855,16119400
11/30/2015,32.91,32.91,32.529999,32.77,27.452099,42912800
12/1/2015,33,33.73,32.799999,33.619999,28.16416,49301000
12/2/2015,33.669998,33.830002,32.790001,32.900002,27.561005,31828400
12/3/2015,32.919998,33,32.360001,32.389999,27.133766,47352600
12/4/2015,32.490002,32.889999,32.41,32.799999,27.477236,31613800
12/7/2015,32.740002,32.880001,32.450001,32.66,27.359953,20968200
12/8/2015,32.349998,32.740002,32.290001,32.529999,27.251047,25734400
12/9/2015,32.419998,32.650002,32.119999,32.290001,27.049994,39558200
12/10/2015,32.43,32.720001,32.240002,32.360001,27.108635,52793800
12/11/2015,32.110001,32.23,31.969999,32.060001,26.857319,40275200
12/14/2015,31.99,32.209999,31.84,32.18,26.957846,38288300
12/15/2015,32.619999,32.82,32.169998,32.259998,27.024864,47339300
12/16/2015,32.43,32.669998,31.99,32.580002,27.292933,44432000
12/17/2015,32.560001,32.669998,32.299999,32.330002,27.083508,38327000
12/18/2015,32.25,32.450001,31.950001,31.99,26.798679,66616200
12/21/2015,32.169998,32.459999,32.009998,32.459999,27.19241,30623400
12/22/2015,32.619999,32.619999,32.360001,32.52,27.242672,25504900
12/23/2015,32.580002,32.740002,32.529999,32.560001,27.276178,20969400
12/24/2015,32.5,32.720001,32.5,32.619999,27.326445,7927600
12/28/2015,32.599998,32.650002,32.369999,32.419998,27.158899,26335700
12/29/2015,32.57,32.91,32.529999,32.830002,27.502361,17036200
12/30/2015,32.740002,32.889999,32.650002,32.75,27.435347,16335400
12/31/2015,32.470001,32.580002,32.27,32.279999,27.041618,21103900
1/4/2016,31.85,32.029999,31.57,31.950001,26.765175,37307800
1/5/2016,32.18,32.240002,31.93,32.18,26.957846,27303600
1/6/2016,31.73,31.9,31.42,31.610001,26.480349,25846600
1/7/2016,31.16,31.809999,31.139999,31.4,26.30442,37213600
1/8/2016,31.549999,31.629999,30.92,31,25.969337,33055300
1/11/2016,31.15,31.200001,30.639999,31.07,26.027975,38631800
1/12/2016,31.379999,31.5,30.719999,31,25.969337,38830200
1/13/2016,31.09,31.280001,30.27,30.370001,25.441574,40572000
1/14/2016,30.389999,31.42,30.389999,31.110001,26.061485,38522800
1/15/2016,30.219999,30.82,30.200001,30.809999,25.810167,46773500
1/19/2016,31.120001,31.23,30.33,30.690001,25.709644,32740300
1/20/2016,30.209999,31.07,30.059999,30.66,25.684511,49470800
1/21/2016,30.610001,30.9,30.51,30.58,25.617495,36554600
1/22/2016,31,31.25,30.67,30.709999,25.726397,31444400
1/25/2016,30.83,30.91,30.42,30.5,25.55048,28760200
1/26/2016,30.530001,30.75,30.34,30.67,25.692888,25959000
1/27/2016,30.709999,31.01,30.32,30.52,25.567232,28519100
1/28/2016,30.700001,30.709999,29.59,30.200001,25.299164,48785500
1/29/2016,30.379999,30.49,29.92,30.49,25.542099,56730800
2/1/2016,30.34,30.4,29.809999,30.17,25.274025,47473300
2/2/2016,30.17,30.34,29.549999,30.139999,25.248894,48212100
2/3/2016,29.91,30.07,29.139999,29.67,25.105055,44974700
2/4/2016,29.49,29.59,28.74,29,24.538139,56934600
2/5/2016,29.02,29.42,28.84,29.030001,24.563519,38931600
2/8/2016,28.68,28.98,28.25,28.559999,24.165831,47516500
2/9/2016,28.469999,29.200001,28.34,29.1,24.622749,57129800
2/10/2016,29.33,29.9,29.309999,29.49,24.952747,44707200
2/11/2016,29.01,29.34,28.889999,29.129999,24.648136,39640200
2/12/2016,29.25,29.379999,28.98,29.360001,24.842749,32543200
2/16/2016,29.549999,29.84,29.450001,29.809999,25.223513,32570500
2/17/2016,30,30.07,29.59,29.629999,25.071207,39112200
2/18/2016,29.82,30.040001,29.459999,29.549999,25.003513,48186900
2/19/2016,29.6,29.65,29.18,29.49,24.952747,39724900
2/22/2016,29.75,30.07,29.65,30.049999,25.426586,39334400
2/23/2016,30.059999,30.379999,29.950001,29.959999,25.350435,31970700
2/24/2016,29.809999,30.08,29.52,30.02,25.401203,31615000
2/25/2016,30.1,30.690001,30.02,30.59,25.883505,52040100
2/26/2016,30.780001,30.9,30.02,30.23,25.578892,42926000
2/29/2016,30.09,30.18,29.57,29.67,25.105055,35191500
3/1/2016,29.790001,30.09,29.620001,30.040001,25.418125,31417700
3/2/2016,30.110001,30.16,29.75,29.98,25.367357,34288200
3/3/2016,29.879999,30,29.58,29.889999,25.291203,36889900
3/4/2016,29.85,29.940001,29.530001,29.709999,25.138901,36838600
3/7/2016,29.549999,29.809999,29.32,29.790001,25.206593,32196300
3/8/2016,29.75,29.75,29.360001,29.360001,24.842749,32795900
3/9/2016,29.719999,29.85,29.42,29.74,25.164282,76901900
3/10/2016,29.9,29.92,29.530001,29.59,25.037359,58125400
3/11/2016,29.780001,30.5,29.73,30.5,25.807356,60378100
3/14/2016,30.27,30.34,29.950001,30.1,25.468895,46764300
3/15/2016,29.879999,29.93,29.299999,29.540001,24.995056,54670200
3/16/2016,29.52,29.52,28.870001,29.040001,24.571981,91225400
3/17/2016,29.120001,29.58,28.74,29.34,24.825827,66872400
3/18/2016,29.5,29.65,29.17,29.450001,24.918907,81904900
3/21/2016,29.450001,30.120001,29.440001,30.07,25.443512,35222300
3/22/2016,30.030001,30.559999,29.889999,30.379999,25.705812,40683800
3/23/2016,30.43,30.610001,30.1,30.190001,25.545046,40783400
3/24/2016,30.120001,30.280001,29.879999,30.08,25.451969,31944700
3/28/2016,30.09,30.219999,29.74,29.780001,25.198128,31167500
3/29/2016,29.82,30.190001,29.709999,30.049999,25.426586,34596200
3/30/2016,30.15,30.209999,30.01,30.07,25.443512,32091600
3/31/2016,30.059999,30.17,29.51,29.639999,25.079668,56794800
4/1/2016,29.440001,30.17,29.41,30.040001,25.418125,48363700
4/4/2016,30.09,30.75,30.059999,30.719999,25.993507,51956900
4/5/2016,31.209999,31.75,30.58,31.360001,26.535032,284468100
4/6/2016,31.540001,33,31.530001,32.93,27.86348,150396000
4/7/2016,32.549999,33.080002,32.5,32.759998,27.719631,61378000
4/8/2016,32.830002,32.900002,32.279999,32.5,27.499636,52749500
4/11/2016,32.52,32.57,31.870001,31.889999,26.983484,83240800
4/12/2016,31.9,32.139999,31.799999,31.959999,27.042717,42864300
4/13/2016,31.959999,32.610001,31.959999,32.540001,27.53348,36460300
4/14/2016,32.48,32.779999,32.330002,32.650002,27.626556,31956800
4/15/2016,32.650002,32.779999,32.299999,32.5,27.499636,35274300
4/18/2016,32.5,32.860001,32.290001,32.610001,27.592718,36999300
4/19/2016,32.799999,33.200001,32.740002,32.889999,27.829632,28420300
4/20/2016,32.849998,33.400002,32.849998,33.23,28.117319,35086900
4/21/2016,33.060001,33.48,33.040001,33.240002,28.125782,34179600
4/22/2016,33.25,33.5,33.07,33.27,28.151171,26137300
4/25/2016,33.130001,33.27,33,33.209999,28.100399,24259500
4/26/2016,33.200001,33.330002,32.919998,33.049999,27.965015,28741300
4/27/2016,32.98,33.209999,32.900002,33,27.922707,26094500
4/28/2016,32.970001,33.18,32.75,32.91,27.846552,33035100
4/29/2016,32.869999,32.950001,32.43,32.709999,27.677324,34213600
5/2/2016,32.560001,33,32.5,32.799999,27.753481,38066800
5/3/2016,33.650002,33.970001,33.25,33.700001,28.515005,71533600
5/4/2016,33.669998,33.900002,33.330002,33.400002,28.261168,36073400
5/5/2016,33.369999,33.73,33.299999,33.57,28.405008,23764200
5/6/2016,33.380001,33.59,33.200001,33.580002,28.413475,23171000
5/9/2016,33.540001,33.959999,33.52,33.82,28.616543,31482700
5/10/2016,33.830002,33.869999,33.48,33.799999,28.599619,24787000
5/11/2016,33.459999,33.560001,33.150002,33.16,28.309359,30396000
5/12/2016,33.220001,33.279999,32.919998,33.189999,28.334969,25376200
5/13/2016,33.330002,33.450001,33.139999,33.189999,28.334969,20514700
5/16/2016,32.93,33.43,32.810001,33.380001,28.497175,22048600
5/17/2016,33.27,33.34,32.919998,33.029999,28.198374,31475500
5/18/2016,33.009998,33.380001,32.970001,33.169998,28.317892,19957200
5/19/2016,33.16,33.43,32.959999,33.380001,28.497175,26656300
5/20/2016,33.48,33.900002,33.450001,33.740002,28.804516,34571100
5/23/2016,33.830002,33.91,33.650002,33.669998,28.744753,23839500
5/24/2016,33.689999,34.18,33.689999,34.099998,29.11186,28359400
5/25/2016,34.119999,34.400002,34.07,34.349998,29.325285,21017800
5/26/2016,34.259998,34.650002,34.259998,34.43,29.393576,25290600
5/27/2016,34.380001,34.75,34.380001,34.610001,29.547255,20464000
5/31/2016,34.669998,34.75,34.380001,34.700001,29.624084,32777300
6/1/2016,34.700001,34.939999,34.619999,34.75,29.666771,23113100
6/2/2016,34.689999,34.990002,34.52,34.869999,29.769217,30178100
6/3/2016,34.869999,34.880001,34.450001,34.689999,29.615547,26923700
6/6/2016,34.700001,34.990002,34.619999,34.93,29.820436,20423900
6/7/2016,34.84,34.990002,34.75,34.84,29.743608,23507500
6/8/2016,34.77,35.330002,34.669998,35.25,30.093622,22488800
6/9/2016,35.049999,35.5,35.029999,35.310001,30.144854,24136800
6/10/2016,35.110001,35.389999,35.02,35.290001,30.127781,20536400
6/13/2016,35.02,35.150002,34.700001,34.740002,29.658237,29692600
6/14/2016,34.599998,35.029999,34.580002,34.990002,29.871666,31698700
6/15/2016,35.009998,35.189999,34.650002,34.790001,29.70092,20277700
6/16/2016,34.68,34.790001,34.419998,34.75,29.666771,22334500
6/17/2016,34.779999,34.810001,34.060001,34.220001,29.214304,33608600
6/20/2016,34.48,34.700001,34.18,34.5,29.453342,22594800
6/21/2016,34.509998,34.880001,34.509998,34.75,29.666771,25356700
6/22/2016,34.740002,34.950001,34.41,34.470001,29.427729,25157100
6/23/2016,34.700001,34.740002,34.299999,34.59,29.530176,23824800
6/24/2016,33.799999,34.450001,33.740002,33.970001,29.000875,44000200
6/27/2016,33.799999,33.98,33.529999,33.799999,28.855738,29753000
6/28/2016,34.150002,34.470001,33.919998,34.439999,29.402117,23784200
6/29/2016,34.619999,35.150002,34.57,35.009998,29.888737,24864100
6/30/2016,35.139999,35.27,34.939999,35.209999,30.059484,26993800
7/1/2016,35.150002,35.650002,35.119999,35.57,30.366827,19327600
7/5/2016,35.540001,35.919998,35.450001,35.810001,30.57172,20847100
7/6/2016,35.82,35.900002,35.380001,35.860001,30.614405,25832000
7/7/2016,35.790001,35.93,35.560001,35.77,30.537567,18103500
7/8/2016,35.880001,36.189999,35.700001,36.119999,30.836365,17792100
7/11/2016,36.07,36.349998,36.029999,36.150002,30.861984,16515100
7/12/2016,36.150002,36.299999,36.029999,36.240002,30.938812,16192000
7/13/2016,36.279999,36.43,36.209999,36.310001,30.998577,13862900
7/14/2016,36.490002,36.959999,36.25,36.919998,31.519344,27661400
7/15/2016,36.970001,37.189999,36.630001,36.77,31.391287,25090500
7/18/2016,36.689999,36.990002,36.549999,36.639999,31.280296,16914200
7/19/2016,36.669998,36.869999,36.549999,36.639999,31.280296,16712500
7/20/2016,36.900002,36.93,36.68,36.68,31.314453,12274300
7/21/2016,36.669998,36.82,36.52,36.709999,31.340061,13066500
7/22/2016,36.799999,36.84,36.68,36.740002,31.365675,13481500
7/25/2016,36.799999,36.84,36.509998,36.779999,31.399818,12175800
7/26/2016,36.830002,36.869999,36.650002,36.830002,31.442514,12119500
7/27/2016,36.75,36.919998,36.650002,36.849998,31.459583,15064000
7/28/2016,36.880001,36.91,36.5,36.669998,31.305916,16257000
7/29/2016,36.68,36.950001,36.650002,36.889999,31.493732,21513800
8/1/2016,37.02,37.389999,36.98,37.310001,31.852303,28378600
8/2/2016,36.759998,36.82,36.130001,36.389999,31.06687,33125700
8/3/2016,35.91,35.950001,35.060001,35.290001,30.37822,42638700
8/4/2016,35.5,35.52,35.150002,35.150002,30.257708,25125800
8/5/2016,35.360001,35.529999,35.220001,35.439999,30.507339,27196400
8/8/2016,35.279999,35.279999,34.709999,34.93,30.068323,30540500
8/9/2016,34.990002,35.299999,34.900002,35.080002,30.197449,17129400
8/10/2016,35.169998,35.18,34.91,35.130001,30.240492,14124600
8/11/2016,35.130001,35.279999,35.099998,35.150002,30.257708,13384100
8/12/2016,35.080002,35.110001,34.75,34.98,30.111361,15029200
8/15/2016,35.049999,35.169998,34.93,35.110001,30.223272,12354000
8/16/2016,34.939999,35.080002,34.77,34.790001,29.947813,15127300
8/17/2016,34.75,35.150002,34.75,35.139999,30.249094,17040900
8/18/2016,35.139999,35.360001,34.990002,35.189999,30.292135,16131300
8/19/2016,35.060001,35.119999,34.830002,34.98,30.111361,19568100
8/22/2016,34.799999,35.279999,34.759998,34.84,29.990852,26042400
8/23/2016,35,35.27,34.91,35.09,30.206059,16957900
8/24/2016,35.23,35.380001,34.759998,34.82,29.973633,22538100
8/25/2016,34.759998,35.189999,34.66,34.77,29.930597,18105400
8/26/2016,34.799999,35.099998,34.66,34.82,29.973633,18772000
8/29/2016,34.939999,35.169998,34.82,35.110001,30.223272,15124900
8/30/2016,35.110001,35.18,34.849998,34.880001,30.025288,14492200
8/31/2016,34.860001,34.939999,34.610001,34.799999,29.956413,20796600
9/1/2016,34.73,34.939999,34.610001,34.68,29.853117,15921200
9/2/2016,34.779999,34.84,34.610001,34.77,29.930597,14435800
9/6/2016,34.880001,34.990002,34.75,34.77,29.930597,16965900
9/7/2016,34.720001,34.889999,34.68,34.84,29.990852,14815500
9/8/2016,34.709999,34.810001,34.619999,34.720001,29.88756,18231700
9/9/2016,34.549999,34.59,34.09,34.099998,29.353851,22386200
9/12/2016,34,34.73,33.939999,34.650002,29.827297,19423800
9/13/2016,34.439999,34.439999,33.849998,34.040001,29.302202,20757600
9/14/2016,34.119999,34.349998,33.860001,33.939999,29.216114,18904100
9/15/2016,33.889999,34.330002,33.549999,34.139999,29.388275,20768600
9/16/2016,34.189999,34.220001,33.830002,33.939999,29.216114,25615500
9/19/2016,33.990002,34.029999,33.59,33.650002,28.966482,17542300
9/20/2016,33.84,33.939999,33.599998,33.810001,29.104214,14113200
9/21/2016,33.900002,34.330002,33.740002,34.279999,29.508789,15557400
9/22/2016,34.330002,34.43,34.07,34.150002,29.396889,16737400
9/23/2016,34.16,34.369999,34.009998,34.259998,29.491577,12937100
9/26/2016,33.919998,34.009998,33.419998,33.639999,28.957872,29525600
9/27/2016,33.779999,33.880001,33.48,33.830002,29.121433,15610600
9/28/2016,33.849998,34,33.689999,33.990002,29.259161,14307800
9/29/2016,33.939999,34.07,33.299999,33.32,28.682409,25044000
9/30/2016,33.439999,34.02,33.400002,33.869999,29.155857,28594000
10/3/2016,33.73,33.73,33.380001,33.68,28.992306,17896000
10/4/2016,33.610001,33.91,33.509998,33.720001,29.026739,20901100
10/5/2016,33.73,33.98,33.68,33.900002,29.181684,13945300
10/6/2016,33.779999,33.799999,33.470001,33.650002,28.966482,15948600
10/7/2016,33.700001,34,33.419998,33.560001,28.889008,14819700
10/10/2016,33.650002,33.84,33.57,33.610001,28.932043,16383700
10/11/2016,33.560001,33.57,32.939999,33.130001,28.518864,17332100
10/12/2016,33.139999,33.240002,32.939999,33.07,28.467205,15138800
10/13/2016,32.57,32.900002,32.52,32.759998,28.20035,24182300
10/14/2016,32.73,32.900002,32.66,32.66,28.114271,15569300
10/17/2016,32.580002,32.709999,32.48,32.5,27.976542,16923500
10/18/2016,32.740002,32.869999,32.610001,32.689999,28.140091,14823600
10/19/2016,32.75,32.849998,32.490002,32.599998,28.062622,16363800
10/20/2016,32.490002,32.740002,32.490002,32.540001,28.010973,19292400
10/21/2016,32.419998,32.450001,32.18,32.18,27.701082,18835000
10/24/2016,32.299999,32.360001,32.049999,32.130001,27.658039,19586400
10/25/2016,32.02,32.369999,31.99,32.279999,27.787157,19336100
10/26/2016,32.279999,32.599998,32.150002,32.400002,27.890461,17102700
10/27/2016,32.580002,32.810001,32.369999,32.48,27.959324,18253000
10/28/2016,32.52,32.560001,31.879999,31.93,27.485876,28508700
10/31/2016,32.040001,32.040001,31.610001,31.709999,27.296495,35949400
11/1/2016,30.940001,31.719999,30.75,31.07,26.745571,54350100
11/2/2016,30.99,31.040001,30.360001,30.629999,26.366814,36084500
11/3/2016,30.700001,30.700001,29.83,29.889999,25.729809,36329200
11/4/2016,29.91,30.370001,29.9,30,25.824505,35028200
11/7/2016,30.23,30.440001,30.08,30.379999,26.151609,30877500
11/8/2016,30.129999,30.450001,29.959999,30,26.082062,35451300
11/9/2016,33.009998,33.369999,31.5,32.119999,27.925188,118753800
11/10/2016,33.32,33.830002,32.849998,33.490002,29.116274,67275200
11/11/2016,33.220001,33.34,32.189999,32.59,28.333803,35803600
11/14/2016,32.849998,32.900002,32.130001,32.380001,28.151236,30568400
11/15/2016,32.759998,32.759998,31.879999,32.23,28.020823,29614300
11/16/2016,32.200001,32.330002,31.93,31.959999,27.786085,22641600
11/17/2016,32.009998,32.119999,31.68,31.73,27.586123,26093500
11/18/2016,31.950001,31.950001,31.440001,31.48,27.368773,24156400
11/21/2016,31.51,31.690001,31.49,31.57,27.447018,21872800
11/22/2016,31.93,31.99,31.049999,31.33,27.238365,26434800
11/23/2016,31.18,31.450001,30.629999,31.42,27.31661,21252300
11/25/2016,31.6,31.74,31.549999,31.690001,27.551346,10452900
11/28/2016,31.690001,31.84,31.5,31.540001,27.420937,17735200
11/29/2016,31.85,31.969999,31.610001,31.92,27.751312,21642200
11/30/2016,31.98,32.369999,31.75,32.139999,27.942579,38519500
12/1/2016,32.25,32.25,31.4,31.459999,27.351385,30606400
12/2/2016,31.540001,31.73,31.360001,31.629999,27.499182,19007800
12/5/2016,31.74,31.77,31.389999,31.59,27.464411,19300300
12/6/2016,31.65,31.700001,31.43,31.559999,27.438324,17706800
12/7/2016,31.33,31.33,30.610001,31.190001,27.116646,44053700
12/8/2016,30.84,31.1,30.51,30.940001,26.899298,35493000
12/9/2016,31.110001,31.92,31.09,31.700001,27.560043,29350800
12/12/2016,31.700001,32.650002,31.66,32.400002,28.168623,32255700
12/13/2016,32.810001,32.880001,32.560001,32.830002,28.542465,28760300
12/14/2016,32.919998,33.299999,32.639999,32.82,28.533768,36347100
12/15/2016,32.630001,32.959999,32.599998,32.75,28.472914,20877100
12/16/2016,32.880001,32.939999,32.52,32.84,28.551163,37585400
12/19/2016,32.759998,32.970001,32.720001,32.830002,28.542465,24930700
12/20/2016,32.779999,32.880001,32.57,32.849998,28.559856,25074300
12/21/2016,32.73,32.93,32.330002,32.400002,28.168623,18739700
12/22/2016,32.290001,32.43,32.049999,32.34,28.116463,18613300
12/23/2016,32.41,32.560001,32.360001,32.48,28.238174,10804500
12/27/2016,32.57,32.720001,32.48,32.529999,28.281647,11220400
12/28/2016,32.5,32.689999,32.34,32.349998,28.125149,13938800
12/29/2016,32.389999,32.619999,32.369999,32.490002,28.246868,14067600
12/30/2016,32.34,32.599998,32.310001,32.48,28.238174,18866600
1/3/2017,32.700001,33,32.59,33,28.690262,22193400
1/4/2017,33.130001,33.349998,33.029999,33.290001,28.942392,21588200
1/5/2017,33.369999,33.689999,33.119999,33.610001,29.220594,20003400
1/6/2017,33.66,33.700001,33.34,33.48,29.10758,17474600
1/9/2017,33.43,33.669998,33.380001,33.470001,29.098885,20455300
1/10/2017,33.59,33.66,33.32,33.439999,29.072796,19397300
1/11/2017,33.369999,33.540001,32.400002,32.830002,28.542465,40439400
1/12/2017,32.529999,32.619999,32.299999,32.599998,28.342503,31760900
1/13/2017,32.669998,32.779999,32.330002,32.52,28.272951,20291200
1/17/2017,32.349998,32.380001,31.780001,32.060001,27.873028,32104500
1/18/2017,32.09,32.279999,31.950001,32.029999,27.846943,21469700
1/19/2017,32.060001,32.09,31.530001,31.700001,27.560043,26144100
1/20/2017,31.719999,32.119999,31.66,31.77,27.620899,30159700
1/23/2017,31.68,31.82,31.440001,31.459999,27.351385,24761000
1/24/2017,31.4,31.459999,30.9,31.15,27.081865,29625400
1/25/2017,31.360001,31.52,31.1,31.290001,27.20359,32168200
1/26/2017,31.4,31.469999,31.200001,31.280001,27.194893,27185500
1/27/2017,31.469999,31.540001,31.26,31.42,27.31661,24054700
1/30/2017,31.469999,31.5,31.059999,31.309999,27.220974,27464800
1/31/2017,31.01,31.93,30.93,31.73,27.586123,37450000
2/1/2017,31.51,31.690001,31.26,31.67,27.81447,28493300
2/2/2017,31.469999,31.73,31.32,31.73,27.867165,23372300
2/3/2017,32.049999,32.240002,31.92,32.09,28.18334,35991700
2/6/2017,32,32.330002,31.940001,32.23,28.306295,24534400
2/7/2017,32.32,32.349998,31.940001,32.080002,28.174557,23512000
2/8/2017,31.92,32.349998,31.92,32.139999,28.227251,19160100
2/9/2017,32.139999,32.540001,32.139999,32.380001,28.438036,23816300
2/10/2017,32.41,32.450001,32.23,32.349998,28.411686,21907200
2/13/2017,32.439999,32.689999,32.439999,32.610001,28.640038,20620100
2/14/2017,32.529999,32.77,32.349998,32.75,28.762993,22965400
2/15/2017,32.779999,33.580002,32.689999,33.509998,29.43047,45574500
2/16/2017,33.450001,33.889999,33.220001,33.619999,29.527077,38332300
2/17/2017,33.59,33.889999,33.529999,33.619999,29.527077,34992700
2/21/2017,33.57,33.799999,33.48,33.619999,29.527077,24090700
2/22/2017,33.57,33.75,33.25,33.59,29.500732,27207300
2/23/2017,33.700001,34.119999,33.580002,34.060001,29.913509,30477100
2/24/2017,34.169998,34.349998,33.990002,34.259998,30.089159,24712000
2/27/2017,34.23,34.459999,34.16,34.279999,30.106722,21830300
2/28/2017,34.099998,34.259998,33.91,34.119999,29.966202,27480700
3/1/2017,34.27,34.529999,34.049999,34.419998,30.229681,32291200
3/2/2017,34.459999,34.75,34.419998,34.509998,30.308723,25572100
3/3/2017,34.509998,34.650002,34.360001,34.52,30.317511,18786300
3/6/2017,34.330002,34.470001,34.080002,34.349998,30.168209,18191900
3/7/2017,33.869999,34.200001,33.75,33.990002,29.852037,29206200
3/8/2017,33.91,34.099998,33.720001,33.91,29.781776,22647400
3/9/2017,33.880001,34.139999,33.779999,34.049999,29.904728,19164700
3/10/2017,34.139999,34.32,34,34.110001,29.957428,19179000
3/13/2017,34.139999,34.150002,33.91,34.110001,29.957428,18964000
3/14/2017,34.02,34.330002,33.98,34.220001,30.054035,14766100
3/15/2017,34.220001,34.700001,34.18,34.630001,30.414118,23035900
3/16/2017,34.57,34.630001,34.25,34.43,30.238464,20698500
3/17/2017,34.459999,34.580002,34.27,34.32,30.141863,43392900
3/20/2017,34.400002,34.5,34.32,34.380001,30.194553,17491000
3/21/2017,34.48,34.610001,34.18,34.25,30.080378,31388500
3/22/2017,34.299999,34.540001,33.990002,34.470001,30.2736,26117900
3/23/2017,34.32,34.560001,34.23,34.290001,30.115507,20283400
3/24/2017,34.27,34.27,33.939999,34,29.860811,27118700
3/27/2017,33.740002,34.310001,33.740002,34.18,30.018904,17886200
3/28/2017,34.060001,34.259998,33.970001,34.16,30.001337,18337500
3/29/2017,34.16,34.450001,34.110001,34.330002,30.150646,17281000
3/30/2017,34.189999,34.439999,34.150002,34.349998,30.168209,14993800
3/31/2017,34.209999,34.380001,34.16,34.209999,30.045256,18611800
4/3/2017,34.110001,34.349998,34.099998,34.240002,30.071604,18088000
4/4/2017,34.18,34.5,34.049999,34.34,30.159424,19282900
4/5/2017,34.330002,34.52,34.150002,34.189999,30.027687,19280100
4/6/2017,34.139999,34.349998,34.060001,34.110001,29.957428,16285300
4/7/2017,34.09,34.25,34.040001,34.099998,29.948645,13973500
4/10/2017,34.130001,34.220001,33.970001,34.040001,29.895947,15989300
4/11/2017,34.02,34.080002,33.740002,33.93,29.799337,19123000
4/12/2017,33.880001,33.990002,33.709999,33.919998,29.790552,24689400
4/13/2017,33.880001,34.02,33.82,33.880001,29.755423,12865800
4/17/2017,33.900002,34.049999,33.82,34,29.860811,15145600
4/18/2017,33.759998,33.880001,33.66,33.84,29.720297,21151200
4/19/2017,33.849998,33.91,33.549999,33.610001,29.518291,23913000
4/20/2017,33.630001,33.869999,33.48,33.740002,29.632465,18348500
4/21/2017,33.639999,33.73,33.470001,33.639999,29.544643,24243100
4/24/2017,33.98,34.029999,33.650002,33.740002,29.632465,21288900
4/25/2017,33.82,33.959999,33.709999,33.759998,29.650026,18744000
4/26/2017,33.860001,34.029999,33.849998,33.849998,29.729073,19814500
4/27/2017,33.959999,34.02,33.77,33.860001,29.737862,14832200
4/28/2017,33.880001,33.939999,33.75,33.919998,29.790552,15979200
5/1/2017,33.889999,33.990002,33.77,33.779999,29.667597,22685800
5/2/2017,33.580002,33.720001,32.880001,33.610001,29.518291,40764400
5/3/2017,33.48,33.59,33.299999,33.470001,29.39534,24815700
5/4/2017,33.439999,33.59,33.32,33.450001,29.377773,25519800
5/5/2017,33.439999,33.48,33.23,33.48,29.404123,21821600
5/8/2017,33.400002,33.619999,33.349998,33.450001,29.377773,23511900
5/9/2017,33.450001,33.59,33.349998,33.380001,29.316292,17104600
5/10/2017,33,33.119999,32.900002,33.029999,29.28969,33045400
5/11/2017,32.990002,33.139999,32.849998,33.040001,29.298559,25067900
5/12/2017,32.889999,33.07,32.889999,33.009998,29.271957,17636800
5/15/2017,32.970001,33.18,32.799999,33.119999,29.369499,19478600
5/16/2017,32.560001,32.799999,32.389999,32.599998,28.908386,40263600
5/17/2017,32.599998,32.599998,32.209999,32.23,28.580282,28397800
5/18/2017,32.200001,32.419998,32.07,32.220001,28.571419,23600400
5/19/2017,32.299999,32.459999,32.189999,32.459999,28.784239,28354300
5/22/2017,32.5,32.5,32.119999,32.119999,28.482738,25356700
5/23/2017,32.119999,32.279999,32.080002,32.139999,28.500473,17568700
5/24/2017,32.169998,32.279999,31.969999,32.049999,28.420664,22368900
5/25/2017,32.060001,32.200001,31.969999,32.16,28.518211,17293400
5/26/2017,32.18,32.290001,32.099998,32.139999,28.500473,11699000
5/30/2017,32.060001,32.310001,32.02,32.130001,28.491608,16047100
5/31/2017,32.279999,32.790001,32.130001,32.650002,28.952724,29018500
6/1/2017,32.669998,32.849998,32.52,32.709999,29.005928,23894500
6/2/2017,32.77,32.880001,32.439999,32.540001,28.855181,20858200
6/5/2017,32.509998,32.580002,32.200001,32.349998,28.686691,14226600
6/6/2017,32.299999,32.369999,32.040001,32.07,28.438402,17866400
6/7/2017,32.080002,32.16,31.9,32,28.376328,16584100
6/8/2017,32,32.099998,31.67,31.75,28.154638,33795800
6/9/2017,31.809999,32.799999,31.74,32.77,29.059134,30137200
6/12/2017,32.77,33.09,32.700001,32.700001,28.997061,28876200
6/13/2017,32.709999,32.779999,32.52,32.580002,28.89065,17166900
6/14/2017,32.59,32.759998,32.459999,32.689999,28.988192,13821800
6/15/2017,32.619999,33.029999,32.560001,32.810001,29.094604,18929900
6/16/2017,32.98,33.130001,32.810001,32.970001,29.236486,31878600
6/19/2017,32.939999,33.25,32.91,33.220001,29.458179,20799000
6/20/2017,33.209999,33.75,33.150002,33.560001,29.759674,26066200
6/21/2017,33.580002,34.099998,33.580002,33.880001,30.043434,25744300
6/22/2017,33.950001,34.48,33.919998,34.060001,30.203054,22156100
6/23/2017,34.080002,34.220001,33.970001,34.169998,30.300594,30046300
6/26/2017,34.16,34.209999,33.970001,34.040001,30.185316,14172300
6/27/2017,34.130001,34.130001,33.75,33.77,29.945894,15265600
6/28/2017,33.860001,33.990002,33.650002,33.75,29.928165,14795100
6/29/2017,33.75,33.869999,33.369999,33.630001,29.821749,14919200
6/30/2017,33.73,33.799999,33.509998,33.59,29.786276,13512500
7/3/2017,33.48,33.970001,33.470001,33.82,29.990229,8512300
7/5/2017,33.939999,33.950001,33.490002,33.639999,29.830614,16197600
7/6/2017,33.639999,33.669998,33.139999,33.220001,29.458179,13924400
7/7/2017,33.25,33.360001,33.02,33.349998,29.573454,16996700
7/10/2017,33.360001,33.529999,33.240002,33.41,29.626659,13526300
7/11/2017,33.400002,33.470001,33.049999,33.169998,29.413836,12214500
7/12/2017,33.34,33.529999,33.200001,33.220001,29.458179,13831100
7/13/2017,33.220001,33.34,32.990002,33.279999,29.511383,13389000
7/14/2017,33.27,33.549999,33.240002,33.43,29.644396,12500800
7/17/2017,33.439999,33.470001,33.139999,33.25,29.484779,16825300
7/18/2017,33.23,33.389999,33.040001,33.360001,29.582323,14569400
7/19/2017,33.369999,33.689999,33.310001,33.619999,29.812881,18810200
7/20/2017,33.470001,33.700001,33.34,33.540001,29.741941,16954500
7/21/2017,33.470001,33.580002,33.389999,33.48,29.688738,12024400
7/24/2017,33.380001,33.450001,33.169998,33.32,29.546848,14761800
7/25/2017,33.380001,33.48,33.009998,33.099998,29.351763,19787500
7/26/2017,33.09,33.099998,32.830002,32.889999,29.165545,15723600
7/27/2017,32.790001,33,32.689999,33,29.26309,16661500
7/28/2017,33.060001,33.169998,32.810001,33.150002,29.396103,16239200
7/31/2017,33.209999,33.389999,33.139999,33.16,29.404974,21982600
8/1/2017,33.040001,33.299999,32.720001,33.080002,29.334028,26634300
8/2/2017,32.869999,32.919998,32.700001,32.919998,29.477295,28854000
8/3/2017,32.950001,33.810001,32.860001,33.43,29.933962,27267500
8/4/2017,33.580002,34,33.48,33.639999,30.122,25790700
8/7/2017,33.549999,33.59,33.25,33.310001,29.826511,12512600
8/8/2017,33.330002,33.459999,33.220001,33.279999,29.799648,16116200
8/9/2017,33.34,33.459999,33.16,33.450001,29.951872,14997800
8/10/2017,33.369999,33.549999,33.209999,33.419998,29.925009,18085900
8/11/2017,33.5,33.57,33.209999,33.25,29.772785,12928500
8/14/2017,33.330002,33.369999,33.139999,33.310001,29.826511,12791500
8/15/2017,33.34,33.529999,33.259998,33.380001,29.889189,17124100
8/16/2017,33.330002,33.490002,33.259998,33.360001,29.871286,10558600
8/17/2017,33.290001,33.450001,32.950001,32.950001,29.504158,14858800
8/18/2017,32.91,32.970001,32.650002,32.669998,29.253441,15490100
8/21/2017,32.599998,32.869999,32.32,32.759998,29.334024,16934300
8/22/2017,32.759998,33.220001,32.700001,33.150002,29.683243,13452200
8/23/2017,33.07,33.389999,33.07,33.240002,29.763838,16119500
8/24/2017,33.369999,33.400002,33.169998,33.23,29.754877,11518400
8/25/2017,33.279999,33.619999,33.23,33.389999,29.898146,14393900
8/28/2017,33.5,33.619999,33.41,33.470001,29.969782,12365300
8/29/2017,33.43,33.549999,33.240002,33.5,29.996641,12224000
8/30/2017,33.48,33.48,33.25,33.450001,29.951872,11759900
8/31/2017,33.5,34.02,33.48,33.919998,30.372715,25901800
9/1/2017,33.939999,34.130001,33.82,33.959999,30.408533,18179100
9/5/2017,33.880001,34.169998,33.75,33.799999,30.265266,14296600
9/6/2017,33.950001,34.110001,33.91,33.990002,30.435404,13212300
9/7/2017,34.040001,34.130001,33.810001,33.990002,30.435404,17867100
9/8/2017,33.950001,34.25,33.799999,34.099998,30.533897,15442400
9/11/2017,34.09,34.34,33.98,34.32,30.73089,16379500
9/12/2017,34.380001,35.75,34.360001,35.369999,31.671083,37256500
9/13/2017,35.259998,35.43,34.970001,35.060001,31.393499,20982400
9/14/2017,35.049999,35.84,35,35.73,31.993429,27426800
9/15/2017,35.599998,35.720001,35.240002,35.360001,31.662128,28871100
9/18/2017,35.380001,35.549999,35.209999,35.549999,31.832256,16936200
9/19/2017,35.66,35.66,35.349998,35.450001,31.742722,15692200
9/20/2017,35.93,36.209999,35.810001,35.990002,32.226246,25680100
9/21/2017,36.060001,36.189999,35.91,35.970001,32.20834,15731100
9/22/2017,36.099998,36.119999,35.77,35.959999,32.199383,14605400
9/25/2017,35.900002,36.029999,35.439999,35.509998,31.796438,22182000
9/26/2017,35.509998,35.650002,35.240002,35.299999,31.608398,17559800
9/27/2017,35.25,35.529999,35.189999,35.450001,31.742722,14708500
9/28/2017,35.27,35.779999,35.220001,35.599998,31.87702,18062700
9/29/2017,35.639999,35.700001,35.349998,35.700001,31.966578,16003700
10/2/2017,35.669998,36.099998,35.490002,36.07,32.297878,16642600
10/3/2017,36.02,36.200001,35.75,36.139999,32.36055,13594300
10/4/2017,36.18,36.240002,35.900002,35.959999,32.199383,10849400
10/5/2017,35.880001,36,35.75,36,32.235199,13605700
10/6/2017,35.990002,36.139999,35.939999,36.049999,32.279972,12060100
10/9/2017,36.060001,36.150002,35.93,36.139999,32.36055,9751500
10/10/2017,36.380001,36.509998,36.029999,36.400002,32.593369,17739500
10/11/2017,36.369999,36.48,36.200001,36.450001,32.638134,17233100
10/12/2017,36.48,36.599998,36.279999,36.349998,32.548595,13994400
10/13/2017,36.369999,36.490002,36.25,36.34,32.539646,12769300
10/16/2017,36.349998,36.48,35.880001,35.98,32.217285,13581600
10/17/2017,35.93,36.330002,35.75,36.200001,32.41428,14019700
10/18/2017,36.25,36.290001,35.790001,35.830002,32.082977,14418000
10/19/2017,35.889999,36.380001,35.84,36.240002,32.4501,19789400
10/20/2017,36.299999,36.419998,36.029999,36.419998,32.611279,17502200
10/23/2017,36.299999,36.779999,36.299999,36.400002,32.593369,15159400
10/24/2017,36.450001,36.529999,35.990002,36.27,32.476955,15015300
10/25/2017,36.200001,36.349998,35.919998,36.16,32.378468,16625700
10/26/2017,36.09,36.220001,35.599998,35.740002,32.002392,17432900
10/27/2017,35.529999,35.75,35.400002,35.599998,31.87702,14940100
10/30/2017,35.43,35.470001,35.02,35.150002,31.474091,25312700
10/31/2017,35.049999,35.34,34.099998,35.060001,31.393499,23523800
11/1/2017,35.009998,35.73,34.900002,35.259998,31.572588,15709200
11/2/2017,35.27,35.509998,35.029999,35.459999,31.751663,13168900
11/3/2017,35.450001,35.560001,35.32,35.549999,31.832256,8878800
11/6/2017,35.59,35.610001,35.119999,35.32,31.626314,10626700
11/7/2017,35.299999,35.419998,35.240002,35.360001,31.662128,10892700
11/8/2017,35.369999,35.389999,35.029999,35.34,31.644222,13569400
11/9/2017,35.080002,35.25,34.84,35.200001,31.806871,13366900
11/10/2017,35.099998,35.189999,34.799999,35.18,31.788792,15046100
11/13/2017,35.220001,35.48,35.139999,35.299999,31.897226,23788100
11/14/2017,35.25,35.700001,35.220001,35.380001,31.969521,16393300
11/15/2017,35.279999,35.5,35.23,35.360001,31.951447,12947000
11/16/2017,35.34,35.580002,35.25,35.560001,32.132172,12927800
11/17/2017,35.369999,35.490002,35.169998,35.369999,31.960476,14847500
11/20/2017,35.380001,35.450001,35.27,35.349998,31.942406,11817400
11/21/2017,35.400002,35.73,35.380001,35.540001,32.11409,12650000
11/22/2017,35.450001,35.5,35.32,35.43,32.014702,10553100
11/24/2017,35.509998,35.560001,35.369999,35.490002,32.068913,6397300
11/27/2017,35.52,35.650002,35.380001,35.490002,32.068913,10292800
11/28/2017,35.59,35.889999,35.52,35.849998,32.394211,12985800
11/29/2017,35.939999,36.41,35.880001,36.209999,32.719505,15296800
11/30/2017,36.209999,36.48,36.080002,36.259998,32.764687,22830800
12/1/2017,36.290001,36.5,36.009998,36.349998,32.846016,18584900
12/4/2017,36.490002,36.619999,36.049999,36.060001,32.583969,14086800
12/5/2017,35.919998,36.189999,35.509998,35.630001,32.195419,22320600
12/6/2017,35.580002,35.880001,35.509998,35.560001,32.132172,17379200
12/7/2017,35.560001,35.639999,35.150002,35.5,32.07795,15807800
12/8/2017,35.32,35.77,35.32,35.740002,32.294811,14901100
12/11/2017,36.040001,36.259998,35.689999,36.209999,32.719505,14362900
12/12/2017,36.360001,36.82,36.25,36.580002,33.053852,22485900
12/13/2017,36.57,36.799999,36.470001,36.639999,33.108063,15787200
12/14/2017,36.73,36.889999,36.34,36.459999,32.945408,14786900
12/15/2017,36.779999,37.23,36.709999,37.200001,33.614082,37779900
12/18/2017,37.220001,37.349998,37.060001,37.130001,33.550823,16765100
12/19/2017,37.200001,37.23,36.880001,36.939999,33.379139,14058500
12/20/2017,36.990002,37.139999,36.419998,36.459999,32.945408,15099200
12/21/2017,36.540001,36.599998,36.189999,36.240002,32.746613,14769400
12/22/2017,36.27,36.380001,36.049999,36.139999,32.65625,8599200
12/26/2017,36.09,36.27,35.950001,36.209999,32.719505,10892400
12/27/2017,36.310001,36.459999,36.23,36.330002,32.827942,8319700
12/28/2017,36.360001,36.529999,36.25,36.369999,32.864082,6583900
12/29/2017,36.23,36.490002,36.220001,36.220001,32.728546,11421500
1/2/2018,36.380001,36.52,36.240002,36.439999,32.927341,16185800
1/3/2018,36.450001,36.77,36.23,36.709999,33.171303,13456500
1/4/2018,36.709999,36.919998,36.599998,36.790001,33.243599,12378100
1/5/2018,36.82,36.880001,36.610001,36.860001,33.30685,12492900
1/8/2018,36.720001,36.799999,36.330002,36.450001,32.936375,18941500
1/9/2018,36.439999,36.639999,36.360001,36.41,32.900223,16011600
1/10/2018,36.34,36.610001,36.310001,36.470001,32.954445,17794900
1/11/2018,36.639999,36.700001,36.419998,36.560001,33.035774,14328800
1/12/2018,36.630001,36.799999,36.459999,36.540001,33.017696,19203700
1/16/2018,36.57,36.98,36.470001,36.599998,33.071907,28972200
1/17/2018,36.82,37.369999,36.77,37.18,33.596008,24034500
1/18/2018,37.169998,37.169998,36.700001,36.990002,33.424324,18924600
1/19/2018,37.189999,37.279999,36.5,36.939999,33.379139,29538600
1/22/2018,36.889999,37.07,36.73,36.93,33.37011,20285100
1/23/2018,36.82,37.080002,36.540001,36.82,33.270706,17578000
1/24/2018,36.990002,37.07,36.73,36.93,33.37011,17716500
1/25/2018,36.970001,37.34,36.900002,37.23,33.641186,18015400
1/26/2018,37.299999,39.09,37.299999,39.009998,35.249603,48805900
1/29/2018,39,39.43,38.77,39.02,35.258629,34894700
1/30/2018,38.209999,38.75,37.349998,37.799999,34.156239,45999700
1/31/2018,37.919998,37.990002,36.830002,37.040001,33.469505,34022700
2/1/2018,36.610001,37.400002,36.610001,36.830002,33.588058,28176400
2/2/2018,36.599998,37.25,36.509998,36.610001,33.387428,24277900
2/5/2018,36.48,36.700001,34,34.669998,31.618185,40288100
2/6/2018,34.16,35.48,34,35.279999,32.174492,53164200
2/7/2018,35.130001,35.650002,34.970001,34.98,31.900902,29370000
2/8/2018,35,35.169998,33.599998,33.630001,30.669739,43501700
2/9/2018,34.189999,34.43,33.200001,34.16,31.153086,47297700
2/12/2018,34.450001,34.869999,34.029999,34.66,31.609066,36758700
2/13/2018,34.57,35.029999,34.41,34.939999,31.864428,20455000
2/14/2018,34.700001,35.34,34.560001,35.189999,32.092415,23239800
2/15/2018,35.369999,35.73,35.080002,35.709999,32.566647,21431100
2/16/2018,35.759998,36.66,35.68,36.259998,33.068237,26242500
2/20/2018,36.02,36.490002,35.880001,36.009998,32.840233,25808700
2/21/2018,35.970001,36.59,35.73,35.759998,32.61224,24546800
2/22/2018,35.869999,36.150002,35.610001,35.740002,32.594006,22754700
2/23/2018,35.93,36.299999,35.830002,36.259998,33.068237,17020900
2/26/2018,36.290001,37.209999,36.209999,37.09,33.825169,24105600
2/27/2018,37.07,37.240002,36.740002,36.799999,33.560696,22336900
2/28/2018,37.029999,37.279999,36.310001,36.310001,33.113834,26907900
3/1/2018,36.119999,36.27,35.200001,35.630001,32.493683,28731400
3/2/2018,35.549999,36.07,35.400002,35.950001,32.785519,21130300
3/5/2018,35.82,36.279999,35.77,36.119999,32.940552,21176100
3/6/2018,36.240002,36.240002,35.75,35.880001,32.721684,17081100
3/7/2018,35.599998,36.080002,35.549999,35.93,32.767281,22239400
3/8/2018,35.990002,36.5,35.93,36.5,33.287102,20537600
3/9/2018,36.610001,36.919998,36.529999,36.77,33.533337,18311900
3/12/2018,36.919998,37,36.5,36.610001,33.387428,25210300
3/13/2018,36.799999,36.959999,36.43,36.75,33.515102,28046200
3/14/2018,36.84,36.990002,36.18,36.349998,33.150307,22180700
3/15/2018,36.349998,36.810001,36.349998,36.580002,33.360069,19457600
3/16/2018,36.639999,37.040001,36.619999,36.779999,33.542454,32376900
3/19/2018,36.799999,36.799999,36.080002,36.330002,33.132072,18978900
3/20/2018,36.369999,36.549999,36.119999,36.330002,33.132072,19256000
3/21/2018,36.490002,36.73,36.200001,36.27,33.077351,18094300
3/22/2018,36.029999,36.139999,35.470001,35.599998,32.466328,20962700
3/23/2018,35.490002,35.5,34.439999,34.490002,31.454035,27880200
3/26/2018,34.93,35.150002,34.32,35.040001,31.955618,23649400
3/27/2018,35.18,35.560001,34.779999,35.009998,31.928263,27357900
3/28/2018,35.18,35.810001,35.119999,35.299999,32.192738,24999700
3/29/2018,35.52,35.669998,35.07,35.490002,32.366009,23533900
4/2/2018,35.419998,35.740002,34.759998,35.049999,31.964735,26872200
4/3/2018,35.110001,35.740002,34.919998,35.68,32.539288,20254200
4/4/2018,35.32,36.23,35.240002,36.130001,32.949677,20883000
4/5/2018,35.669998,36,35.529999,35.73,32.584885,24460900
4/6/2018,35.560001,35.869999,34.889999,35.169998,32.074173,21146300
4/9/2018,35.299999,35.93,35.220001,35.459999,32.338654,19409200
4/10/2018,36,36.099998,35.720001,35.950001,32.785519,19608400
4/11/2018,35.73,36.07,35.59,35.790001,32.639606,13168800
4/12/2018,36.029999,36.5,35.970001,36.32,33.122952,22597700
4/13/2018,36.41,36.5,36.130001,36.32,33.122952,16863700
4/16/2018,36.5,36.73,36.389999,36.529999,33.314465,15116100
4/17/2018,36.75,36.779999,36.27,36.330002,33.132072,16770000
4/18/2018,36.380001,36.59,36.279999,36.490002,33.277985,13901800
4/19/2018,36.389999,36.689999,36.27,36.529999,33.314465,15784300
4/20/2018,36.5,36.790001,36.470001,36.630001,33.405666,21225800
4/23/2018,36.669998,36.889999,36.599998,36.799999,33.560696,24080700
4/24/2018,36.91,37.27,36.77,37.060001,33.797813,25717600
4/25/2018,36.919998,37.040001,36.509998,36.68,33.451263,26309500
4/26/2018,36.799999,37.099998,36.75,36.849998,33.606293,19360200
4/27/2018,36.779999,37.110001,36.700001,37,33.743095,13686100
4/30/2018,37.130001,37.18,36.400002,36.610001,33.387428,26846100
5/1/2018,35.580002,36.049999,34.639999,35.400002,32.283939,48651000
5/2/2018,35.169998,35.369999,34.740002,34.889999,31.818825,28036300
5/3/2018,34.82,34.880001,34.419998,34.759998,31.700266,22313000
5/4/2018,34.560001,34.990002,34.369999,34.84,31.773222,18781700
5/7/2018,34.790001,35.130001,34.709999,34.93,31.855299,20474400
5/8/2018,34.91,35.09,34.709999,34.98,31.900902,26821300
5/9/2018,35.02,35.41,34.869999,35.169998,32.074173,19383500
5/10/2018,35,35.310001,34.889999,35.040001,32.267563,29323200
5/11/2018,35.130001,35.560001,35.07,35.5,32.691166,20512300
5/14/2018,35.509998,35.919998,35.490002,35.860001,33.022686,20384300
5/15/2018,35.509998,35.779999,35.48,35.689999,32.866135,18354500
5/16/2018,35.73,35.880001,35.57,35.68,32.856922,20750200
5/17/2018,35.630001,35.779999,35.439999,35.709999,32.884552,12354300
5/18/2018,35.610001,35.75,35.43,35.639999,32.820091,14928500
5/21/2018,35.709999,35.869999,35.52,35.799999,32.967426,16890800
5/22/2018,35.799999,36.09,35.689999,35.720001,32.893768,13735600
5/23/2018,35.68,36.029999,35.630001,35.970001,33.123974,19315600
5/24/2018,35.959999,36.09,35.77,35.889999,33.050304,16625300
5/25/2018,35.82,35.919998,35.540001,35.68,32.856922,14236600
5/29/2018,35.369999,35.73,35.32,35.700001,32.875343,26735900
5/30/2018,35.950001,36.25,35.900002,36.049999,33.197651,27603200
5/31/2018,35.950001,36.200001,35.889999,35.93,33.087151,29342000
6/1/2018,36.259998,36.279999,36.110001,36.25,33.381821,21200200
6/4/2018,36.41,36.560001,36.23,36.450001,33.566006,18041100
6/5/2018,36.509998,36.639999,36.34,36.439999,33.556789,20375800
6/6/2018,36.400002,36.57,36.189999,36.380001,33.501541,18375800
6/7/2018,36.490002,36.59,36.369999,36.490002,33.60284,16208100
6/8/2018,36.529999,36.709999,36.450001,36.669998,33.768593,15610800
6/11/2018,36.799999,36.799999,36.279999,36.299999,33.427872,18506300
6/12/2018,36.389999,36.400002,36.150002,36.299999,33.427872,15533100
6/13/2018,36.369999,36.509998,36.200001,36.220001,33.354198,15208000
6/14/2018,36.220001,36.389999,36.049999,36.16,33.29895,18936800
6/15/2018,36.189999,36.389999,36.029999,36.360001,33.48312,46638500
6/18/2018,36.130001,36.220001,35.73,36.16,33.29895,22906500
6/19/2018,35.889999,36.360001,35.869999,36.220001,33.354198,17537600
6/20/2018,36.290001,36.580002,36.209999,36.459999,33.575211,20260200
6/21/2018,36.27,36.360001,36.150002,36.299999,33.427872,16027600
6/22/2018,36.490002,36.639999,36.400002,36.509998,33.62125,25634200
6/25/2018,36.32,36.459999,36.139999,36.380001,33.501541,19378100
6/26/2018,36.400002,36.59,36.299999,36.380001,33.501541,24131900
6/27/2018,36.299999,36.549999,36.18,36.209999,33.344994,27890100
6/28/2018,36.110001,36.490002,36.110001,36.360001,33.48312,15660500
6/29/2018,36.450001,36.580002,36.279999,36.279999,33.409451,19900100
7/2/2018,36,36.369999,36,36.330002,33.455498,13810600
7/3/2018,36.389999,36.580002,36.240002,36.349998,33.473911,9115900
7/5/2018,36.540001,36.91,36.509998,36.869999,33.95277,19346400
7/6/2018,37,37.240002,36.880001,37.110001,34.173782,17984300
7/9/2018,37.27,37.470001,37.009998,37.16,34.219826,21185400
7/10/2018,37.299999,37.5,37.200001,37.43,34.468456,19216200
7/11/2018,37.25,37.41,37.16,37.209999,34.265869,16883600
7/12/2018,37.41,37.560001,37.209999,37.52,34.551342,16105200
7/13/2018,37.5,37.59,37.220001,37.529999,34.560551,14447100
7/16/2018,37.48,37.549999,37.290001,37.380001,34.422424,16972200
7/17/2018,37.459999,37.77,37.450001,37.650002,34.671055,14933600
7/18/2018,37.59,37.73,37.48,37.66,34.680267,19737600
7/19/2018,37.450001,37.599998,37.310001,37.360001,34.404007,15746500
7/20/2018,37.200001,37.330002,37.119999,37.330002,34.376381,14737000
7/23/2018,37.34,37.509998,37.139999,37.209999,34.265869,19784700
7/24/2018,37.369999,37.75,37.27,37.700001,34.717098,16892600
7/25/2018,37.669998,38.07,37.560001,37.990002,34.98415,16291300
7/26/2018,38.040001,38.369999,38.040001,38.16,35.140701,23567900
7/27/2018,38.099998,38.48,38.07,38.41,35.370926,20979100
7/30/2018,38.360001,38.68,38.18,38.59,35.536678,20855300
7/31/2018,38.209999,39.990002,38.139999,39.93,36.770653,48232800
8/1/2018,39.630001,40.32,39.540001,40.27,37.083752,31057500
8/2/2018,39.619999,40.220001,39.529999,39.650002,36.823715,30246000
8/3/2018,39.619999,40.66,39.490002,40.540001,37.650272,25966200
8/6/2018,40.360001,41.220001,40.330002,41.040001,38.114632,26071700
8/7/2018,40.849998,41.25,40.790001,40.84,37.928886,17958800
8/8/2018,40.709999,41.639999,40.580002,41.41,38.458256,24513700
8/9/2018,41.299999,41.369999,40.810001,41,38.077484,19090400
8/10/2018,40.810001,41.310001,40.700001,40.93,38.012478,17262000
8/13/2018,40.950001,41.209999,40.810001,40.810001,37.901028,18843100
8/14/2018,40.84,41.040001,40.540001,40.709999,37.808155,16448600
8/15/2018,40.799999,41.240002,40.650002,41.16,38.226078,21279400
8/16/2018,41.23,41.470001,41.07,41.419998,38.467545,15614300
8/17/2018,41.48,42.189999,41.470001,42.09,39.08979,24583200
8/20/2018,42.200001,42.77,42.09,42.330002,39.312683,21367200
8/21/2018,42.330002,42.439999,41.990002,42.16,39.154804,17678600
8/22/2018,42.150002,42.34,41.810001,42.07,39.071209,14233100
8/23/2018,42.110001,42.32,41.959999,42.200001,39.19194,19954600
8/24/2018,42.43,42.490002,42,42.400002,39.377693,20551900
8/27/2018,42.52,42.619999,41.310001,41.580002,38.616138,23231400
8/28/2018,41.610001,41.779999,41.32,41.5,38.54184,18853600
8/29/2018,41.5,41.619999,41.169998,41.5,38.54184,14976300
8/30/2018,41.23,41.91,41.200001,41.5,38.54184,15194900
8/31/2018,41.290001,41.580002,41.09,41.52,38.560417,19908500
9/4/2018,41.48,41.549999,41.220001,41.369999,38.421104,14492200
9/5/2018,41.290001,41.919998,41.259998,41.849998,38.866894,20702000
9/6/2018,41.849998,41.91,41.450001,41.779999,38.801884,17416300
9/7/2018,41.59,42.349998,41.459999,42.200001,39.19194,20134400
9/10/2018,42.380001,42.720001,42.049999,42.060001,39.061932,20381600
9/11/2018,42,42.43,41.950001,42.310001,39.294113,18651600
9/12/2018,42.299999,42.790001,42.279999,42.41,39.386978,16611200
9/13/2018,42.5,42.919998,42.43,42.849998,39.795612,17709800
9/14/2018,42.75,43,42.5,42.959999,39.897778,15939900
9/17/2018,43.02,43.18,42.740002,43.009998,39.944206,16038200
9/18/2018,43,43.68,42.830002,43.509998,40.408569,19416500
9/19/2018,43.419998,43.68,42.990002,43.259998,40.176388,22564600
9/20/2018,43.369999,43.880001,43.349998,43.75,40.631462,17476100
9/21/2018,43.779999,44.200001,43.610001,44.060001,40.919365,35192200
9/24/2018,43.939999,44.459999,43.830002,43.93,40.798626,17162800
9/25/2018,44.130001,44.290001,43.759998,43.790001,40.66861,14533700
9/26/2018,43.84,44.310001,43.639999,43.68,40.566448,17442900
9/27/2018,43.790001,44.18,43.68,43.900002,40.770771,14124700
9/28/2018,43.93,44.139999,43.73,44.07,40.928654,14662800
10/1/2018,44.029999,44.52,43.91,44.27,41.114391,16008100
10/2/2018,44.209999,44.389999,44.130001,44.220001,41.067959,17236900
10/3/2018,44.279999,44.84,44.279999,44.810001,41.615906,22730200
10/4/2018,44.529999,44.790001,44.290001,44.700001,41.513741,17989000
10/5/2018,44.709999,45,44.599998,44.91,41.708775,17184600
10/8/2018,44.75,45.32,44.700001,45.279999,42.052402,23415200
10/9/2018,44.990002,45.810001,44.790001,45.470001,42.228855,20386000
10/10/2018,45.450001,45.73,44.48,44.509998,41.337284,32017300
10/11/2018,44.360001,44.490002,42.400002,42.810001,39.758469,42029600
10/12/2018,42.77,43.959999,42.639999,43.779999,40.659321,28858700
10/15/2018,43.650002,43.709999,42.98,43.119999,40.046364,22773000
10/16/2018,43.349998,43.98,43.040001,43.93,40.798626,21208400
10/17/2018,43.77,44.799999,43.75,44.57,41.393013,21967900
10/18/2018,44.34,44.5,43.709999,44,40.86364,21345700
10/19/2018,44.049999,44.830002,43.98,44.5,41.327999,18562500
10/22/2018,44.439999,44.509998,44.02,44.369999,41.207264,17103300
10/23/2018,43.889999,44.32,43.689999,44.099998,40.956516,21891000
10/24/2018,43.810001,44.290001,42.360001,42.48,39.451984,35035300
10/25/2018,42.389999,43.939999,41.66,43.41,40.315697,36623000
10/26/2018,43.049999,43.279999,42.18,42.599998,39.563427,28743200
10/29/2018,42.950001,43.68,42.560001,43.23,40.148525,30215900
10/30/2018,41.950001,43.09,41.779999,42.889999,39.832764,33609300
10/31/2018,43.009998,43.66,42.709999,43.060001,39.990646,26748800
11/1/2018,43.200001,43.830002,43.09,43.669998,40.557167,23034300
11/2/2018,43.759998,43.84,42.48,42.93,39.869915,22982000
11/5/2018,42.830002,43.619999,42.830002,43.52,40.417858,20520300
11/6/2018,43.580002,43.59,42.689999,43.009998,39.944206,21057100
11/7/2018,43.380001,44.560001,43.290001,44.400002,41.235134,34909800
11/8/2018,43.860001,44.200001,43.470001,43.849998,41.038589,24380000
11/9/2018,43.720001,44.610001,43.720001,44.279999,41.441021,24708400
11/12/2018,44.279999,44.549999,43.900002,44.110001,41.281925,20734200
11/13/2018,44.330002,44.459999,43.349998,43.52,40.729748,19126200
11/14/2018,43.759998,43.849998,42.709999,42.91,40.158859,26943900
11/15/2018,42.700001,43.389999,42.349998,43.209999,40.439621,24607500
11/16/2018,43.099998,43.779999,42.91,43.509998,40.720394,23344000
11/19/2018,43.619999,44.27,43.509998,44.18,41.347435,22458800
11/20/2018,44.009998,44.389999,43.400002,43.529999,40.739105,21791800
11/21/2018,43.5,43.5,42.77,43.099998,40.336674,18658300
11/23/2018,42.950001,43.549999,42.799999,43.139999,40.374111,8390900
11/26/2018,43.32,43.490002,42.880001,43.34,40.561291,19115700
11/27/2018,43.200001,44.150002,42.970001,44.07,41.244484,18753200
11/28/2018,44.290001,44.919998,44.099998,44.900002,42.021267,18873500
11/29/2018,44.759998,45.830002,44.700001,45.509998,42.592159,24729900
11/30/2018,45.349998,46.259998,45.279999,46.23,43.265999,42746200
12/3/2018,46.369999,46.380001,45.759998,45.990002,43.041389,25399600
12/4/2018,46.23,46.470001,45.110001,45.139999,42.245884,27233300
12/6/2018,44.580002,44.990002,43.619999,44.98,42.096142,30539400
12/7/2018,44.82,44.939999,43.68,43.919998,41.104103,26531200
12/10/2018,44.139999,44.560001,43.07,44.400002,41.553333,24846200
12/11/2018,44.080002,44.509998,43.57,44.009998,41.188335,22680200
12/12/2018,44.349998,44.849998,44.150002,44.16,41.32872,19147000
12/13/2018,44.459999,44.900002,44.209999,44.57,41.712429,22404100
12/14/2018,44.080002,44.119999,43.43,43.799999,40.991795,31333000
12/17/2018,43.5,43.970001,42.98,43.110001,40.346039,36671600
12/18/2018,43.470001,43.5,42.040001,42.400002,39.681557,29531100
12/19/2018,42.830002,42.990002,41.560001,41.970001,39.279125,35045500
12/20/2018,41.709999,42.41,41.529999,41.950001,39.26041,32727400
12/21/2018,41.639999,42.869999,41.450001,41.93,39.241692,58755400
12/24/2018,41.810001,41.959999,40.52,40.549999,37.950169,18764900
12/26/2018,40.66,42.200001,40.419998,42.189999,39.485016,24133900
12/27/2018,41.810001,42.849998,41.259998,42.849998,40.102703,27414300
12/28/2018,43.02,43.540001,42.810001,42.959999,40.205654,24175500
12/31/2018,43.209999,43.73,43.099998,43.650002,40.851418,19482000
1/2/2019,43.119999,43.5,42.639999,43.25,40.477058,25076200
1/3/2019,43.240002,43.34,41.950001,42.040001,39.344639,27043200
1/4/2019,42.439999,43.349998,42.259998,43,40.243088,25754600
1/7/2019,43.07,43.619999,42.860001,43.23,40.45834,19919800
1/8/2019,43.560001,43.700001,43.150002,43.43,40.645523,18669100
1/9/2019,43.459999,43.669998,43.200001,43.34,40.561291,19077400
1/10/2019,43.220001,43.23,42.029999,42.310001,39.597332,37695600
1/11/2019,42.330002,42.880001,42.150002,42.880001,40.130783,19985300
1/14/2019,42.549999,42.630001,42.169998,42.369999,39.653481,16703200
1/15/2019,42.599998,43.240002,42.43,42.73,39.990402,24540200
1/16/2019,42.59,42.790001,42.029999,42.110001,39.410152,28623700
1/17/2019,41.950001,42.66,41.830002,42.470001,39.74707,22938600
1/18/2019,42.860001,42.880001,42.259998,42.529999,39.803223,36639900
1/22/2019,42.41,42.689999,41.93,42.27,39.559891,27935600
1/23/2019,41.990002,42.200001,41.549999,42.16,39.456947,23209500
1/24/2019,41.779999,41.790001,40.619999,40.950001,38.324524,32631900
1/25/2019,41.099998,41.25,40.509998,40.639999,38.034397,34025100
1/28/2019,40.5,40.529999,39.48,39.529999,36.995564,37314700
1/29/2019,39.5,40.849998,39.470001,40.77,38.156059,48744600
1/30/2019,40.77,41.75,40.73,41.580002,38.914127,34220000
1/31/2019,41.380001,42.619999,41.349998,42.450001,40.075325,38830600
2/1/2019,42.869999,43.119999,42.549999,42.880001,40.48127,25844100
2/4/2019,42.84,42.84,41.959999,42.439999,40.065884,18431200
2/5/2019,42.43,42.73,42.060001,42.110001,39.754349,20045200
2/6/2019,41.919998,42.369999,41.790001,42.330002,39.962036,15607600
2/7/2019,42.110001,42.150002,41.209999,41.700001,39.367279,23005700
2/8/2019,41.529999,42.240002,41.490002,42.23,39.867634,26091200
2/11/2019,42.279999,42.310001,41.509998,41.68,39.348404,25713600
2/12/2019,41.709999,42.009998,41.389999,41.869999,39.527771,28975500
2/13/2019,41.919998,42.060001,41.389999,41.700001,39.367279,23488800
2/14/2019,41.700001,42.119999,41.619999,41.970001,39.622169,18847200
2/15/2019,42.380001,42.509998,42.080002,42.400002,40.028122,18186900
2/19/2019,42.240002,42.860001,42.189999,42.599998,40.216934,23181200
2/20/2019,42.529999,42.560001,41.93,42.200001,39.839306,25953400
2/21/2019,42.02,42.32,41.860001,42.139999,39.782665,18607100
2/22/2019,42.299999,43.130001,42.220001,42.959999,40.556797,23509800
2/25/2019,43.040001,43.369999,42.939999,43.080002,40.670086,23979900
2/26/2019,42.959999,43.23,42.799999,43.02,40.613434,15701100
2/27/2019,42.98,43.220001,42.810001,42.93,40.528473,15631000
2/28/2019,42.950001,43.779999,42.869999,43.349998,40.92498,37004200
3/1/2019,43.610001,43.790001,43.290001,43.360001,40.934418,25301500
3/4/2019,43.439999,43.59,42.880001,43.07,40.660637,21637400
3/5/2019,43.09,43.25,42.849998,42.889999,40.490711,25170600
3/6/2019,42.82,42.869999,41.619999,41.860001,39.51833,21262200
3/7/2019,41.860001,41.889999,41.25,41.389999,39.074623,27558000
3/8/2019,41.330002,41.439999,40.34,40.889999,38.602592,29702200
3/11/2019,41.099998,41.52,40.799999,41.5,39.178467,27667500
3/12/2019,41.700001,41.919998,41.369999,41.73,39.395599,22932200
3/13/2019,41.869999,42.130001,41.549999,42.009998,39.659935,22500300
3/14/2019,42,42.080002,41.130001,41.189999,38.885807,30474000
3/15/2019,41.23,41.880001,40.860001,41.779999,39.442799,70938000
3/18/2019,41.77,42.07,41.650002,41.810001,39.471123,18021200
3/19/2019,41.970001,42.43,41.75,42.299999,39.933716,25050500
3/20/2019,42.200001,42.400002,41.779999,42.169998,39.810986,22295100
3/21/2019,41.93,42.639999,41.869999,42.349998,39.980915,23019500
3/22/2019,42.200001,42.619999,41.830002,41.849998,39.508888,18614900
3/25/2019,41.810001,42.150002,41.669998,41.889999,39.54665,18807700
3/26/2019,42.200001,42.700001,42.130001,42.419998,40.046997,19781100
3/27/2019,42.34,42.639999,41.919998,42.02,39.669376,18458300
3/28/2019,42.18,42.369999,42.060001,42.290001,39.924278,16048900
3/29/2019,42.400002,42.580002,42.189999,42.470001,40.094204,20571000
4/1/2019,42.580002,42.939999,42.549999,42.84,40.443508,19302700
4/2/2019,42.950001,43.18,42.740002,42.91,40.509586,17670900
4/3/2019,42.990002,43.07,42.549999,42.84,40.443508,15370400
4/4/2019,42.790001,42.919998,42.5,42.740002,40.349106,12325400
4/5/2019,42.98,43.279999,42.889999,42.990002,40.585114,14761900
4/8/2019,43.07,43.279999,42.91,43.139999,40.726727,14620800
4/9/2019,42.98,43,42.580002,42.84,40.443508,17860600
4/10/2019,42.919998,42.919998,42.650002,42.73,40.339661,12526200
4/11/2019,42.790001,42.830002,41.990002,42.27,39.905396,19179200
4/12/2019,42.34,42.34,41.580002,41.709999,39.376717,20245300
4/15/2019,41.860001,42.119999,41.470001,42.09,39.735458,17422000
4/16/2019,42.220001,42.299999,40.830002,40.919998,38.630913,26097700
4/17/2019,40.900002,41,39.389999,39.880001,37.649094,40239200
4/18/2019,39.93,39.93,38.419998,39.380001,37.177063,47988400
4/22/2019,39.029999,39.5,38.810001,38.98,36.799442,29429700
4/23/2019,39.09,39.639999,38.880001,39.419998,37.214821,25305600
4/24/2019,39.5,39.639999,39.16,39.369999,37.167618,20111000
4/25/2019,39.25,39.830002,39.169998,39.610001,37.394192,17201200
4/26/2019,39.669998,39.990002,39.450001,39.970001,37.734062,19025800
4/29/2019,39.970001,40.02,39.59,39.59,37.375317,22038900
4/30/2019,40.400002,41.18,39.799999,40.610001,38.338253,32600000
5/1/2019,40.59,40.919998,40.169998,40.77,38.489304,19642700
5/2/2019,40.810001,41.02,40.580002,41.009998,38.715878,19422400
5/3/2019,41.220001,41.5,41.029999,41.389999,39.074623,17708500
5/6/2019,40.91,41.77,40.84,41.650002,39.320076,24642700
5/7/2019,41.389999,41.709999,40.5,40.830002,38.545948,26189600
5/8/2019,40.799999,41.029999,40.439999,40.950001,38.659237,22592000
5/9/2019,40.299999,40.84,40.23,40.639999,38.706852,18721500
5/10/2019,40.630001,40.82,39.869999,40.720001,38.783051,16500500
5/13/2019,40.23,40.650002,40.150002,40.57,38.640186,26575700
5/14/2019,40.59,40.869999,40.560001,40.66,38.725906,25401100
5/15/2019,40.860001,41.290001,40.700001,41.150002,39.192604,31803300
5/16/2019,41.150002,41.98,41.150002,41.639999,39.659286,24201600
5/17/2019,41.299999,41.810001,41.25,41.470001,39.497379,27692300
5/20/2019,41.400002,41.709999,41.279999,41.59,39.611668,23009100
5/21/2019,41.709999,41.810001,41.490002,41.669998,39.687859,27310300
5/22/2019,41.689999,42.209999,41.549999,41.990002,39.992641,23979700
5/23/2019,41.84,41.98,41.650002,41.919998,39.925972,24189700
5/24/2019,42.060001,42.310001,41.869999,41.950001,39.954544,14595200
5/28/2019,42.150002,42.48,41.889999,41.900002,39.906921,46907600
5/29/2019,41.700001,41.84,41.279999,41.720001,39.735481,25517800
5/30/2019,41.68,41.950001,41.580002,41.900002,39.906921,16455700
5/31/2019,41.689999,41.98,41.450001,41.52,39.544998,21479400
6/3/2019,41.630001,42.189999,41.57,41.919998,39.925972,21483000
6/4/2019,42.48,42.75,42.040001,42.23,40.221226,17508100
6/5/2019,42.599998,42.84,42.41,42.48,40.459332,20321500
6/6/2019,42.799999,43.09,42.48,42.709999,40.678391,23239300
6/7/2019,42.98,43.25,42.860001,42.919998,40.878403,18997600
6/10/2019,43.240002,43.240002,42.669998,43.07,41.021263,14493100
6/11/2019,43.200001,43.299999,42.549999,42.669998,40.640293,17849300
6/12/2019,42.470001,43.169998,42.459999,43.080002,41.030796,15461900
6/13/2019,43.07,43.139999,42.369999,42.5,40.478378,13723000
6/14/2019,42.52,42.869999,42.48,42.759998,40.726013,12521700
6/17/2019,42.700001,42.900002,42.349998,42.880001,40.840302,13372800
6/18/2019,42.82,43.330002,42.82,43.07,41.021263,21663600
6/19/2019,43.169998,43.59,43.09,43.5,41.430813,20639100
6/20/2019,43.830002,44.110001,43.509998,43.599998,41.526051,22296300
6/21/2019,43.549999,44,43.310001,43.669998,41.592728,36187100
6/24/2019,43.689999,43.900002,43.470001,43.759998,41.67844,23362500
6/25/2019,43.849998,44.290001,43.759998,43.759998,41.67844,26972500
6/26/2019,43.68,43.799999,42.5,42.990002,40.945072,38908300
6/27/2019,43.02,43.560001,43.009998,43.43,41.364143,20868100
6/28/2019,43.450001,43.720001,42.98,43.32,41.259373,37690900
7/1/2019,43.509998,43.880001,43.34,43.77,41.687969,20261700
7/2/2019,43.68,44.220001,43.66,44.220001,42.116566,15694400
7/3/2019,44.369999,44.560001,43.98,44.400002,42.288006,9770000
7/5/2019,44.310001,44.349998,43.779999,43.919998,41.830833,17357900
7/8/2019,43.799999,43.869999,42.98,43.299999,41.24033,22728000
7/9/2019,43.419998,43.799999,43.299999,43.369999,41.306995,13494600
7/10/2019,43.650002,44.110001,43.439999,44.060001,41.964176,14514800
7/11/2019,43.32,43.560001,42.380001,42.98,40.935551,36417000
7/12/2019,42.91,42.990002,42.009998,42.400002,40.383141,31860500
7/15/2019,42.27,42.77,42.240002,42.75,40.716488,19320600
7/16/2019,42.790001,42.970001,42.48,42.849998,40.811729,18551600
7/17/2019,43.09,43.189999,42.73,42.740002,40.706966,15504300
7/18/2019,42.860001,43.060001,42.549999,43.060001,41.011745,13025500
7/19/2019,43.189999,43.209999,42.77,42.77,40.735538,22345900
7/22/2019,42.830002,43.02,42.549999,42.82,40.783161,11909000
7/23/2019,42.849998,43.23,42.75,43.09,41.040318,18583400
7/24/2019,43,43,42.369999,42.889999,40.849831,17189600
7/25/2019,42.830002,43,42.529999,42.669998,40.640293,16617300
7/26/2019,42.66,43.169998,42.43,43.09,41.040318,19983100
7/29/2019,42.169998,43,41.34,41.450001,39.478329,61251600
7/30/2019,39.830002,40.240002,38.599998,38.790001,36.944855,90834600
7/31/2019,38.599998,39.669998,38.509998,38.84,36.992477,53424500
8/1/2019,38.310001,38.619999,37.68,38.25,36.77137,48980000
8/2/2019,38.25,38.540001,37.75,38,36.531036,27660000
8/5/2019,37.759998,37.830002,36.41,36.959999,35.531239,43671900
8/6/2019,37.189999,37.310001,36.470001,36.950001,35.521626,30347100
8/7/2019,36.650002,36.779999,35.860001,36.580002,35.165928,30376900
8/8/2019,36.700001,36.950001,36.599998,36.869999,35.444717,22159800
8/9/2019,36.77,36.830002,36.110001,36.349998,34.944817,24090800
8/12/2019,36.310001,36.32,34.779999,35.389999,34.021931,41117300
8/13/2019,35.43,35.810001,35.150002,35.200001,33.839272,43215800
8/14/2019,34.93,34.98,34.200001,34.240002,32.916386,36654100
8/15/2019,34.299999,34.580002,33.970001,34.48,33.14711,29140100
8/16/2019,34.720001,35.009998,34.490002,34.650002,33.310535,28474700
8/19/2019,34.880001,35.32,34.830002,35.18,33.820045,20870300
8/20/2019,35.099998,35.16,34.57,34.610001,33.272079,18911300
8/21/2019,34.939999,35.119999,34.82,34.869999,33.52203,18224600
8/22/2019,34.959999,35.23,34.799999,35.080002,33.723919,16065600
8/23/2019,35.209999,35.349998,34.169998,34.34,33.01252,26342800
8/26/2019,34.619999,34.860001,34.48,34.84,33.493191,16573700
8/27/2019,35.009998,35.09,34.310001,34.34,33.01252,23449100
8/28/2019,34.360001,35.150002,34.279999,35.080002,33.723919,24713400
8/29/2019,35.790001,35.790001,35.23,35.330002,33.964252,18605600
8/30/2019,35.619999,35.720001,35.279999,35.549999,34.175743,17906400
9/3/2019,35.610001,36.279999,35.509998,36.119999,34.723709,25260900
9/4/2019,36.299999,36.400002,35.700001,35.830002,34.44492,19591500
9/5/2019,36.110001,36.48,35.889999,36.34,34.935207,20964700
9/6/2019,36.360001,36.57,36.110001,36.5,35.08902,19804000
9/9/2019,36.59,36.84,36.130001,36.830002,35.406265,23411400
9/10/2019,36.59,37.380001,36.02,37.380001,35.935001,30598100
9/11/2019,37.740002,37.759998,36.900002,37.41,35.963844,16094100
9/12/2019,37.57,37.619999,37.060001,37.279999,35.838863,15837100
9/13/2019,37.389999,37.599998,36.610001,36.91,35.48317,22864900
9/16/2019,36.459999,37.02,36.349998,36.830002,35.406265,18858700
9/17/2019,36.790001,36.799999,36.349998,36.5,35.08902,20960100
9/18/2019,36.57,36.720001,36.259998,36.380001,34.97366,18671300
9/19/2019,36.419998,36.77,36.34,36.509998,35.098633,16837200
9/20/2019,36.889999,37.25,36.48,36.689999,35.271671,43634400
9/23/2019,36.380001,36.59,36.23,36.240002,34.839069,16409100
9/24/2019,36.27,36.580002,35.98,36.009998,34.617958,22947400
9/25/2019,35.91,36.349998,35.700001,35.900002,34.512215,19231200
9/26/2019,36.07,36.240002,35.57,35.779999,34.396854,16185700
9/27/2019,35.860001,36.34,35.720001,36.220001,34.819843,16682800
9/30/2019,36.279999,36.310001,35.919998,35.93,34.541054,16323900
10/1/2019,35.93,36.02,35.43,35.43,34.060383,20885200
10/2/2019,35.259998,35.27,34.66,34.700001,33.358604,21307400
10/3/2019,34.709999,35.470001,34.599998,35.450001,34.079609,20945100
10/4/2019,35.490002,35.98,35.450001,35.93,34.541054,17139800
10/7/2019,35.82,36.259998,35.799999,35.830002,34.44492,11156900
10/8/2019,35.650002,35.880001,35.419998,35.43,34.060383,14005000
10/9/2019,35.650002,35.889999,35.529999,35.689999,34.310333,12935800
10/10/2019,35.669998,36.009998,35.599998,35.790001,34.406464,11573700
10/11/2019,36.139999,36.580002,36.07,36.110001,34.714096,17501000
10/14/2019,36.16,36.349998,35.98,36.299999,34.896751,8255200
10/15/2019,36.450001,36.740002,36.41,36.5,35.08902,14400600
10/16/2019,36.630001,36.75,36.32,36.34,34.935207,13696200
10/17/2019,36.490002,36.810001,36.369999,36.459999,35.050564,14527600
10/18/2019,36.43,36.700001,36.349998,36.459999,35.050564,13490700
10/21/2019,36.650002,36.68,36.360001,36.459999,35.050564,12558900
10/22/2019,36.41,36.700001,36.25,36.43,35.021729,13804000
10/23/2019,36.310001,36.779999,36.220001,36.77,35.348579,13283300
10/24/2019,36.75,36.84,36.259998,36.389999,34.983273,18973800
10/25/2019,36.400002,36.880001,36.310001,36.77,35.348579,16601200
10/28/2019,36.860001,37.48,36.82,37.279999,35.838863,24478500
10/29/2019,38,38.759998,37.919998,38.209999,36.732914,30561700
10/30/2019,38.41,38.82,38.299999,38.48,36.992477,20891300
10/31/2019,38.389999,38.580002,38.18,38.369999,36.886734,23282600
11/1/2019,38.689999,38.939999,38.389999,38.389999,36.905956,18276300
11/4/2019,38.709999,38.740002,38.029999,38.029999,36.559872,16802400
11/5/2019,38.029999,38.099998,37.470001,37.48,36.031136,20577300
11/6/2019,37.610001,37.73,37.349998,37.610001,36.156116,17796300
11/7/2019,37.400002,37.580002,36.880001,36.91,35.826096,21562900
11/8/2019,36.880001,37.16,36.830002,37.049999,35.961979,25262700
11/11/2019,36.91,37.009998,36.75,36.93,35.845505,11900300
11/12/2019,36.830002,37.09,36.700001,36.970001,35.884331,12655000
11/13/2019,36.950001,36.950001,36.299999,36.599998,35.525192,24530600
11/14/2019,36.560001,36.759998,36.32,36.549999,35.476665,23900000
11/15/2019,36.630001,37.470001,36.52,37.279999,36.185226,34515000
11/18/2019,37.279999,37.279999,37.279999,37.279999,36.185226,0
11/19/2019,37.43,37.68,37.32,37.66,36.554066,25118700
11/20/2019,37.57,37.689999,37.009998,37.049999,35.961979,18925600
11/21/2019,37.209999,37.939999,37.040001,37.740002,36.631718,19869600
11/22/2019,37.790001,38.41,37.689999,38.330002,37.204395,24235300
11/25/2019,38.48,38.880001,38.450001,38.68,37.544117,29973800
11/26/2019,38.540001,38.59,38.049999,38.290001,37.165573,32846900
11/27/2019,38.380001,38.709999,38.330002,38.630001,37.495586,18217300
11/29/2019,38.540001,38.880001,38.509998,38.52,37.388817,9292100
12/2/2019,38.790001,38.799999,38.25,38.290001,37.165573,14844400
12/3/2019,37.959999,38.200001,37.84,38.049999,36.932617,19800600
12/4/2019,38.23,38.259998,37.889999,38.139999,37.019978,13758300
12/5/2019,38.369999,38.369999,37.790001,38.029999,36.9132,12427000
12/6/2019,38.279999,38.52,38.220001,38.290001,37.165573,12209400
12/9/2019,38.099998,38.380001,38.099998,38.32,37.194687,14840200
12/10/2019,38.27,38.580002,38.189999,38.48,37.349987,18189100
12/11/2019,38.369999,38.57,38.200001,38.220001,37.09763,14771700
12/12/2019,38.169998,38.619999,38.169998,38.540001,37.40823,12727200
12/13/2019,38.52,38.68,38.07,38.330002,37.204395,15824000
12/16/2019,38.700001,39.400002,38.66,39.139999,37.990608,22948600
12/17/2019,39.439999,39.439999,38.84,38.900002,37.75766,27550300
12/18/2019,39.009998,39.080002,38.639999,38.889999,37.747952,25938700
12/19/2019,39,39.150002,38.810001,38.970001,37.825603,20894000
12/20/2019,39.349998,39.540001,38.970001,39.23,38.077965,55218000
12/23/2019,39.419998,39.52,39.130001,39.32,38.165321,16560100
12/24/2019,39.330002,39.439999,39.200001,39.290001,38.136204,4921900
12/26/2019,39.299999,39.57,39.200001,39.380001,38.22356,8903300
12/27/2019,39.43,39.619999,39.25,39.32,38.165321,9599300
12/30/2019,39.299999,39.419998,38.889999,38.91,37.767365,10962300
12/31/2019,38.790001,39.200001,38.709999,39.18,38.02943,14398200
1/2/2020,39.299999,39.349998,38.880001,39.139999,37.990608,15668000
1/3/2020,38.720001,39.240002,38.669998,38.93,37.786774,14158300
1/6/2020,38.82,39,38.700001,38.880001,37.738239,14963900
1/7/2020,39.119999,39.130001,38.68,38.75,37.612064,19077900
1/8/2020,38.759998,39.220001,38.75,39.060001,37.91296,15563100
1/9/2020,39.27,39.27,38.790001,38.889999,37.747952,20846200
1/10/2020,38.98,39.630001,38.970001,39.490002,38.330326,20452900
1/13/2020,39.619999,39.77,39.209999,39.41,38.252674,14603800
1/14/2020,39.43,40.080002,39.299999,40.07,38.893295,19847400
1/15/2020,40.189999,40.869999,40.169998,40.669998,39.475674,22700000
1/16/2020,40.790001,40.799999,40.32,40.610001,39.417439,15385600
1/17/2020,40.57,40.810001,40.419998,40.509998,39.320374,21901300
1/21/2020,40.380001,40.66,40.189999,40.34,39.155373,21931400
1/22/2020,40.32,40.41,39.970001,40.189999,39.009773,17170600
1/23/2020,40.189999,40.830002,40.130001,40.709999,39.5145,25757600
1/24/2020,40.939999,40.970001,39.639999,39.82,38.650639,32394400
1/27/2020,39.41,40.43,39.25,40.16,38.980652,30326400
1/28/2020,39.32,39.490002,37.950001,38.139999,37.019978,66605700
1/29/2020,38.119999,38.380001,37.549999,37.580002,36.476418,32415300
1/30/2020,37.099998,37.169998,36.689999,37.07,36.348946,30660900
1/31/2020,36.939999,37.450001,36.900002,37.240002,36.515644,32157500
2/3/2020,37.459999,38.040001,37.299999,37.509998,36.780388,19806200
2/4/2020,38.080002,38.240002,37.630001,37.689999,36.956886,29554900
2/5/2020,37.849998,38.57,37.82,38.169998,37.427547,27935000
2/6/2020,38.439999,38.5,38.029999,38.259998,37.515797,19969400
2/7/2020,38.360001,38.400002,37.93,38.049999,37.309883,20781400
2/10/2020,38.209999,38.220001,37.720001,37.810001,37.074554,18973200
2/11/2020,37.889999,38.130001,37.759998,38.09,37.349106,15206200
2/12/2020,38.09,38.189999,37.720001,37.740002,37.005917,21768800
2/13/2020,37.580002,37.580002,36.889999,36.93,36.21167,20967500
2/14/2020,36.970001,37.040001,36.419998,36.509998,35.799839,19930500
2/18/2020,36.549999,36.669998,36.27,36.32,35.613533,17066900
2/19/2020,36.400002,36.5,36.209999,36.23,35.525284,16841500
2/20/2020,35.709999,36.060001,35.41,35.849998,35.152676,40752500
2/21/2020,35.759998,35.82,35.529999,35.720001,35.025208,30764000
2/24/2020,35.040001,35.400002,34.599998,34.669998,33.995625,36024000
2/25/2020,34.68,34.740002,33.709999,33.93,33.270023,39733300
2/26/2020,34.240002,35.209999,34.02,34.720001,34.044659,45464900
2/27/2020,34.439999,35.709999,34.099998,34.099998,33.436714,52576400
2/28/2020,33.490002,33.939999,32.529999,33.419998,32.769943,62686900
3/2/2020,33.91,34.950001,33.450001,34.880001,34.201546,39880900
3/3/2020,35.18,35.779999,33.860001,34.299999,33.632828,43808800
3/4/2020,35.099998,36.459999,34.950001,36.400002,35.691978,36728800
3/5/2020,35.650002,36.18,35.16,35.459999,34.770264,33298200
3/6/2020,34.700001,35.169998,34.119999,35.02,34.338821,38834000
3/9/2020,33.459999,34.689999,33.16,33.759998,33.103329,40971400
3/10/2020,34.57,34.66,33.009998,34.59,33.917183,38470900
3/11/2020,33.759998,33.880001,31.66,32.169998,31.544256,62002100
3/12/2020,30.48,32,30,30.02,29.436077,59517500
3/13/2020,31.27,32.880001,30.23,32.709999,32.07375,57450700
3/16/2020,29.940001,32.279999,29.65,30.18,29.592966,48382400
3/17/2020,31.639999,32.650002,30.59,32.16,31.534451,51442700
3/18/2020,30.77,32.610001,30.309999,32.360001,31.730564,41636600
3/19/2020,32.220001,32.25,30.01,30.42,29.828297,56756100
3/20/2020,30.280001,30.67,28.91,29.01,28.445724,49799800
3/23/2020,28.76,29.58,27.879999,28.49,27.935839,50145200
3/24/2020,29.51,30.049999,28.9,29.700001,29.122303,42188600
3/25/2020,29.5,30.719999,29,29.75,29.171329,42316200
3/26/2020,29.889999,31.99,29.879999,31.75,31.132427,41053100
3/27/2020,30.799999,31.74,30.66,30.9,30.29896,36328600
3/30/2020,31.049999,32.849998,31.049999,32.669998,32.034531,28409400
3/31/2020,32.400002,33,32.240002,32.639999,32.005116,27956500
4/1/2020,31.92,32.279999,31.530001,31.75,31.132427,25341200
4/2/2020,31.9,33,31.75,32.869999,32.230644,25794000
4/3/2020,32.630001,33.889999,32.630001,33.639999,32.985664,31155000
4/6/2020,33.919998,34.900002,33.779999,34.57,33.897575,38428100
4/7/2020,35,35.169998,33.59,33.610001,32.956245,22985100
4/8/2020,33.990002,34.799999,33.439999,34.599998,33.926991,24216300
4/9/2020,35.029999,35.77,34.849998,35.389999,34.701626,29141300
4/13/2020,35.959999,35.98,34.720001,35.139999,34.45649,17334100
4/14/2020,35.93,36.630001,35.34,36.439999,35.731201,20726100
4/15/2020,36.060001,36.23,35.580002,35.970001,35.270344,20220300
4/16/2020,36.119999,36.259998,35.580002,35.880001,35.182098,19599100
4/17/2020,36.5,37,36.110001,36.91,36.192059,23154500
4/20/2020,36.380001,36.91,36.080002,36.080002,35.378204,21376300
4/21/2020,35.779999,35.93,35.369999,35.619999,34.927151,22746900
4/22/2020,36.959999,37,36.119999,36.25,35.544895,19151900
4/23/2020,36.279999,37.400002,36.279999,36.689999,35.976337,19151200
4/24/2020,36.84,37.43,36.779999,37.380001,36.652916,16470000
4/27/2020,37.59,38.540001,37.57,38.330002,37.584438,22195500
4/28/2020,39.049999,39.220001,37.380001,37.91,37.172607,33839400
4/29/2020,38.459999,38.549999,37.709999,38.119999,37.378521,25159900
4/30/2020,38,38.509998,37.360001,38.360001,37.613853,27933100
5/1/2020,37.849998,37.939999,37.389999,37.639999,36.90786,21517900
5/4/2020,37.599998,37.919998,37.41,37.619999,36.888248,18874300
5/5/2020,38.810001,38.860001,38.27,38.509998,37.760933,22888000
5/6/2020,38.970001,39.009998,38.509998,38.509998,37.760933,22815400
5/7/2020,38.41,38.490002,36.889999,36.959999,36.602261,31827400
5/8/2020,37.25,37.380001,37.040001,37.220001,36.859745,18881700
5/11/2020,37.25,38.209999,37.16,38.099998,37.731224,24294700
5/12/2020,38.119999,38.240002,37.34,37.360001,36.99839,18344700
5/13/2020,37.310001,37.419998,36.59,37.049999,36.691391,23336700
5/14/2020,36.799999,37.959999,36.779999,37.919998,37.552967,21216800
5/15/2020,37.959999,38.169998,37.389999,37.759998,37.394516,24155600
5/18/2020,38.34,38.459999,37.630001,38.07,37.701519,21479200
5/19/2020,37.849998,38.02,37.310001,37.68,37.315292,18478400
5/20/2020,37.950001,38.200001,37.549999,37.630001,37.265778,16607400
5/21/2020,37.57,37.650002,37.049999,37.259998,36.899357,16747800
5/22/2020,37.110001,37.529999,36.959999,37.5,37.137035,14972700
5/26/2020,37.650002,37.869999,37.450001,37.490002,37.127132,22068400
5/27/2020,37.41,37.540001,36.970001,37.41,37.047905,24577000
5/28/2020,37.84,38.439999,37.720001,38.18,37.810452,21367900
5/29/2020,38.27,38.43,37.580002,38.189999,37.820354,46146300
6/1/2020,35.5,35.73,34.91,35.459999,35.116779,72945900
6/2/2020,35.529999,36.16,35.25,36.16,35.810005,40503700
6/3/2020,36.290001,36.41,35.540001,36.16,35.810005,36766600
6/4/2020,35.709999,36.290001,35.700001,36.009998,35.661453,25629400
6/5/2020,36.240002,36.490002,35.880001,35.990002,35.641651,34825100
6/8/2020,35.799999,36.599998,35.68,36.59,36.235844,28647200
6/9/2020,36.5,36.66,36.169998,36.209999,35.85952,20564600
6/10/2020,36.360001,36.450001,35.889999,35.919998,35.572327,28042900
6/11/2020,35.599998,35.68,33.279999,33.299999,32.977684,59930400
6/12/2020,34.080002,34.099998,33.049999,33.75,33.423332,35952400
6/15/2020,33.299999,33.720001,32.759998,33.360001,33.037106,34390400
6/16/2020,33.59,33.959999,32.720001,33.400002,33.076721,52767500
6/17/2020,33.59,33.77,33.32,33.560001,33.235172,26089000
6/18/2020,33.27,33.470001,32.98,33.240002,32.91827,30625100
6/19/2020,33.689999,33.740002,33.119999,33.419998,33.096523,41732700
6/22/2020,33.330002,33.360001,32.91,33.110001,32.789528,22137100
6/23/2020,33.200001,33.25,32.740002,32.77,32.452816,35759400
6/24/2020,32.709999,32.73,32,32.189999,31.878429,29238800
6/25/2020,32.110001,32.380001,31.83,32.32,32.007172,26013900
6/26/2020,32.25,32.279999,31.610001,32.040001,31.729883,39994300
6/29/2020,32.459999,32.669998,32.200001,32.639999,32.324074,22728900
6/30/2020,32.529999,32.880001,32.23,32.700001,32.383495,24147700
